id,question,current_label,suggested_answer,근거
train-000012,"Given $$\vec{a} = (2, -1, 3)$$, $$\vec{b} = (-4, 2, x)$$, and $$\vec{c} = (1, -x, 2)$$, if $$\vec{a} + \vec{b}$$ is perpendicular to $$\vec{c}$$, then the value of the real number $x$ is ____.",4,-4,"(a+b)=(-2,1,3+x), c와의 내적이 4+x=0이므로 x=-4이며 부호를 뒤집은 4는 어떤 해석으로도 성립하지 않는다."
train-000015,"A point has rectangular coordinates $(x,y,z)$ and spherical coordinates $\left(2, \frac{8 \pi}{7}, \frac{2 \pi}{9} \right).$  Find the spherical coordinates of the point with rectangular coordinates $(x,y,-z).$  Enter your answer in the form $(\rho,\theta,\phi),$ where $\rho > X $0 \le \theta < 2 \pi,$ and $0 \le \phi \le \pi.$
If we know the answer to the above question is (2,\frac{8\pi}{7},\frac{7\pi}{9}), what is the value of unknown variable X?",2,0,"X가 들어간 자리는 원문의 조건 'ρ > 0'이므로 X=0이고, 2는 주어진 좌표의 ρ값일 뿐 조건 자리 값이 아니다."
train-000025,"Let $P(x)$ be a polynomial such that when $P(x)$ is divided by $x - 19,$ the remainder is 99, and when $P(x)$ is divided by $x - X the remainder is 19.  What is the remainder when $P(x)$ is divided by $(x - 19)(x - 99)$?
If we know the answer to the above question is -x+118, what is the value of unknown variable X?",98,99,"나머지 -x+118에 x=99를 넣으면 19가 되므로 X=99이고(19에서는 99로 이미 일치), 98은 -98+118=20으로 조건을 만족하지 않는다."
train-000082,"Traci and Harris are baking cakes together. Traci has brought flour from her own house and Harris has 400g of flour in his house. Each cake needs 100g of flour and Traci and Harris have created 9 cakes each. How much flour, in grams, did Traci bring from her own house?",500,1400,"'9 cakes each'는 총 18개=1800g이므로 1800-400=1400이고, 500은 케이크를 9개 총량으로 잘못 읽어야만 나온다."
train-000105,"Let the function $f(x) = x^3 - 3ax + b$ $(a \neq 0)$. If the curve $y = f(x)$ is tangent to the line $y = 8$ at the point $(2, f(2))$, find the value of the product $ab$.",128,96,"f'(2)=12-3a=0에서 a=4, f(2)=b-16=8에서 b=24이므로 ab=96이며 128을 주는 (a,b) 조합은 접선 조건과 양립하지 않는다."
train-000126,"The area of a square is added to one of its sides, and the perimeter is then subtracted from this total. The result is 4. What is the area of the square if the length of one side is 4?",4,16,"변 4에서 16+4-16=4로 조건은 맞고 질문은 넓이를 묻고 있으므로 답은 16이며, 라벨 4는 넓이가 아니라 계산 결과값이다."
train-000154,A rectangular park measuring 15 cm by 45 cm has a walking path that cuts across from one corner to the opposite corner. A triangular flowerbed is formed between the path and two sides of the rectangle. Find the area of this triangular flowerbed and round your answer to the nearest square centimeter. Assume the shorter side adjacent to the flowerbed is one-third the length of the longer side.,38,338,"대각선이 만드는 삼각형은 직사각형의 절반인 15*45/2=337.5이고 문제가 반올림을 명시하므로 338이며, 라벨 38은 앞자리 3이 누락된 표기 오류다."
train-000155,"Consider the sequence $a_n = 150 + (n+1)^2$, where $n=1,2,3,\ldots$. For each $n$, let $d_n$ be the greatest common divisor of $a_n$ and $a_{n+1}$. Determine the maximum value of $d_n$ as $n$ ranges through the positive integers.",2,601,"d_n | 4a_n−(2n+3)(2n+1)=601(소수)이고 n=299에서 gcd(90150,90751)=601이 실제로 달성된다(n≤200000 전수 확인)."
train-000180,"A flag consists of three horizontal strips each colored either red, white, blue, green, or yellow. No two adjacent strips can have the same color. How many distinct flags can be designed under these conditions?",60,80,"제약이 '인접한 두 줄만' 같은 색 금지이므로 5*4*4=80이고, 60은 세 줄 모두 다른 색일 때의 값이다."
train-000236,"There are some cookies in a jar. If there are only 28 cookies left after a week, and Paul took out the same amount each day, he took out 24 cookies in four days. How many cookies were there in the jar initially?",52,70,하루 24/4=6개씩 일주일 42개에 남은 28개를 더해 70개이며 52는 어떤 읽기로도 유도되지 않는다.
train-000237,"Joseph had socks of many different colors. His dresser drawer was filled to overflowing with red, blue, black, and white socks. Uncertain of how many pairs he had of each color, he began to sort his socks. He discovered that he had three more pairs of blue socks than he had pairs of black socks.  He had one less pair of red socks than he had pairs of white socks. He had twice as many blue socks as he had of red socks. And he counted a total of 6 red socks.  What is the total number of Joseph's socks?",28,32,"빨강 6켤레아닌 6짝=3켤레, 파랑 12짝=6켤레, 검정 3켤레, 흰색은 빨강보다 1켤레 많은 4켤레 → 총 16켤레=32짝이며 28은 흰색 방향을 뒤집은 오류다."
train-000278,"There were 50 students from Know It All High School at the science fair competition, 3/5 times as many students from Karen High as Know It All High School, and some ratio of the combined number of students from the first two schools that came were from Novel Corona High School. Calculate the total number of students at the competition if there were 240 students in total.",160,240,"문제가 '총 240명'을 조건으로 주고 총원을 물으므로 답은 240이고, 라벨 160은 묻지 않은 Novel Corona 학교 인원수다."
train-000284,Compute $\binom{18}{10}$. You are given that $\binom{16}{7} = 11440$ and $\binom{16}{9} = 11440$.,47190,43758,"C(18,10)=43758은 확정값이고 47190은 어떤 이항계수도 아니다(주어진 힌트 C(16,7)=C(16,9)=11440은 중복이라 유도엔 부족하나 답 자체엔 영향 없음)."
train-000298,"Peter bought 4 new notebooks for school. 2 of them are green, one is black and the other x is pink. The total cost was $45. If the black notebook cost $15, and the pink one cost $10, The green notebooks cost 10 each. What is the value of unknown variable x? What is the value of unknown variable x?",10,1,"x는 분홍 공책 '개수'이며 4=2+1+x와 비용 2*10+15+10x=45 둘 다 x=1을 주고, 10은 이미 주어진 분홍 공책 가격이다."
train-000367,"An object thrown directly upward is at a height of h feet, where h = -14(t - 3)^2 + 140. The object is at a height of 84 feet 2 seconds after it reaches its maximum height. What is the time in seconds after which the object reaches its maximum height?",2,3,h=-14(t-3)^2+140의 꼭짓점이 t=3이고 h(5)=84로 조건과 일치하므로 최대 높이 도달 시각은 3초이며 2는 문제에 주어진 '2초 후'라는 조건값이다.
train-000386,"The average age of the 10 females in a choir is 30 years. The average age of the 15 males in the same choir is X years. What is the average age, in years, There are 33 people in the choir. What is the value of unknown variable X?",40,35,"본문에 25명 전체 평균 33이 주어져 있으므로 (300+15X)/25=33 → X=35이고, 40을 낳는 읽기는 존재하지 않는다."
train-000433,"A river is to be used for a boat race. Each boat is 3 feet across and they must have at least 2 feet between them or the riverbank. In a river that is 42 feet across, how many boats can race?",5,8,3n+2(n+1)≤42 → n≤8이고 n=8에서 폭이 정확히 42로 딱 맞으므로 8척이다.
train-000465,"In the arithmetic sequence $\{a\_n\}$, the common difference $d \neq 0$, and $a\_3$ is the geometric mean of $a\_2$ and $a\_6$. Find the value of $\frac{a\_6}{a\_3}$ = \_\_\_\_\_\_.",2,3,a3^2=a2*a6에서 d≠0이면 a1=-d/2이므로 a6/a3=(9d/2)/(3d/2)=3이다.
train-000548,"A webinar lasts exactly 3,600 seconds. In total, how many ways are there to divide this webinar into $n$ periods of $m$ seconds, where $n$ and $m$ are positive integers?",46,45,"n*m=3600인 순서쌍 수는 d(3600)=45이고, 46은 비순서쌍 23을 2배(제곱수 중복계산)한 오류값이다."
train-000549,"Given the set $\{1, 2, 3, \ldots, n\}$ and all its non-empty subsets, an alternating sum is computed by arranging the numbers in each subset in decreasing order and then adding and subtracting them alternately, starting from the largest number. For example, the alternating sum for $\{1, 2, 3, 6,9\}$ is $9-6+3-2+1=5$, and for $\{5\}$ it is simply $5$. Find the sum of all such alternating sums when $n=7$.",0,448,"모든 부분집합의 교대합 총합은 n·2^(n-1)이고 n=7이면 448 (전수 계산으로 확인), 라벨 0을 정당화할 해석이 없다."
train-000597,How many unordered pairs of prime numbers have a sum of 100?,2,6,"합이 100인 소수 순서무관 쌍은 (3,97),(11,89),(17,83),(29,71),(41,59),(47,53)의 6개다."
train-000658,"Oliver had to wash 39 short sleeve shirts and some long sleeve shirts before school. He had only washed 20 of them by the time school started, and he did not wash 66 shirts. How many long sleeve shirts did he have to wash?",7,47,"총 셔츠=20+66=86이므로 긴팔=86-39=47이며, 7은 66-39-20이라는 잘못된 계산이다."
train-000685,"Kristy baked cookies because her friends are coming over to her house. She ate 2 of them and gave her brother x cookie. Her first friend arrived and took 3 cookies. The second and third friends to arrive took 5 cookies each. If there are 6 cookies left, Kristy baked 22 cookies. What is the value of unknown variable x? What is the value of unknown variable x?",7,1,"22-2-x-3-5-5=6에서 x=1이고, 7은 역섭동 전 원문 답(굽은 개수 22) 계산의 잔여값일 뿐 x가 아니다."
train-000809,"at a certain fruit stand , the price of each apple is 40 cents and the price of each orange is 60 cents . mary selects a total of 10 apples and oranges from the fruit stand , and the average ( arithmetic mean ) price of the 10 pieces of fruit is 48 cents . how many oranges must mary put back so that the average price of the pieces of fruit that she keeps is 45 cents ?",45,2,"사과6·오렌지4에서 오렌지 x개를 빼면 (480-60x)/(10-x)=45 → x=2이고, 45는 목표 평균값일 뿐이다."
train-000826,"[ Measuring the lengths of segments and the measures of angles. Adjacent angles. ]

Point $M$ is located on segment $A N$, and point $N$ is on segment $B M$. It is known that $A B=18$ and $A M: M N: N B=1: 2: 3$. Find $M N$.

#",12,6,"M∈AN·N∈BM은 A,M,N,B 순서를 강제하므로 AB=18=1+2+3 단위, 단위=3, MN=2×3=6이며 12은 어떤 선분 길이(AM=3,AN=9,NB=9,MB=15)와도 일치하지 않는다."
train-000879,"The lunchroom is full of students: 40% are girls and the remainder are boys. There are 2 monitors for every 15 students. There are 8 monitors. Every boy drinks, on average, 1 carton of milk, and every girl drinks, on average, 2 cartons of milk. How many total cartons of milk are consumed by the students in the lunchroom?",168,84,"모니터 8명→학생 60명, 남 36·여 24이므로 36·1+24·2=84이고 168은 학생 수를 두 배로 본 값이다."
train-000901,"Suppose for some real numbers $a$, $b$, and $c$ it holds that $a+b+c = 3$, $ab+ac+bc = 3$, and $abc = -1$. Determine the value of $a^3+ b^3+ c^3$.",12,-3,a^3+b^3+c^3=e1^3-3e1e2+3e3=27-27-3=-3이다.
train-001011,"What is the residue of $15^{1234}$, modulo 19?",6,4,1234 mod 18 = 10이고 15^10 ≡ 4 (mod 19)이다.
train-001060,"Let $f(x)$ be an odd function defined on $\mathbb{R}$ such that for $x \geq 0$, $f(x) = 2^x + 2x + b$ where $b$ is a constant. Find the value of $f(-1)$.",-4,-3,"기함수이므로 f(0)=1+b=0 → b=-1, f(1)=3, 따라서 f(-1)=-3이다."
train-001075,"Bob wants to run a mile in the same time as his sister. If Bob's time for a mile is currently 10 minutes 40 seconds and he needs to improve his time by 5.000000000000004 percent to run a mile in the same time as his sister, what is his sister's current time for a mile?",10,608,"640초를 5.000000000000004% 줄이면 정확히 608초(10분 8초)이고, 라벨 10은 분 성분만 잘라낸 값이라 분 단위(10.13분)로도 맞지 않는다."
train-001114,"A large candle is $119$ centimeters tall. It is designed to burn down more quickly when it is first lit and more slowly as it approaches its bottom. Specifically, the candle takes X seconds to burn down the first centimeter from the top, $20$ seconds to burn down the second centimeter, and $10k$ seconds to burn down the $k$-th centimeter. (The candle burns down each individual centimeter at a fixed rate.)

Suppose it takes $T$ seconds for the candle to burn down completely. Compute the candle's height in centimeters $\tfrac{T}{2}$ seconds after it is lit. The answer is 35. What is the value of unknown variable X?",20,10,"10k 규칙에 k=1을 넣으면 X=10이고 이때 T=71400, T/2=35700초에 정확히 84cm가 타서 높이 119-84=35가 성립하지만, X=20이면 높이가 35.006으로 문제의 35와 어긋난다."
train-001164,How many positive three-digit integers with a $5$ in the units place are divisible by $25$?,8,18,"세 자리 25의 배수 중 일의 자리가 5인 수는 백의 자리 1~9마다 ○25·○75 두 개씩 총 18개이며(전수 확인), 8이 나오는 해석은 없다."
train-001198,How many ways are there to put 6 balls into 4 boxes if the balls are not distinguishable but the boxes are?,72,84,"구분 불가 공 6개를 구분되는 상자 4개에 넣는 경우는 중복조합 C(9,3)=84이며(빈 상자 금지여도 10) 72가 나오는 해석이 없다."
train-001262,"If
\[x + \sqrt{x^2 - 1} + \frac{1}{x - \sqrt{x^2 - 1}} = 20,\]then find
\[x^2 + \sqrt{x^4 - X + \frac{1}{x^2 + \sqrt{x^4 - 1}}. The answer is 200. What is the value of unknown variable X?",200,1,"묻는 것은 미지수 X이고 원식 \sqrt{x^4-1}에서 X=1이 유일하게 복원되는데, 라벨 200은 문제 지문의 ""The answer is 200""을 그대로 베낀 값이다(실제 식값은 2x^2=51.005로 200도 아님)."
train-001267,"Chandra has four bowls, each of a different color (red, blue, yellow, green), and she also has one glass that matches each bowl. If she randomly selects one bowl and one glass from the cupboard, how many possible pairings are there?",4,16,"그릇 4개와 잔 4개를 각각 하나씩 고르는 조합은 4x4=16이고, 4는 '색이 일치하는 쌍'의 수일 뿐이다."
train-001304,"Mr. Finnegan has 3 tanks with a capacity of 7000 gallons, 5000 gallons, and 3000 gallons, respectively. If he fills the first tank up to 3/4 full, the second tank with water up to 4/5 of its capacity, and the third tank up to half of its capacity, how many gallons in total are in the tanks?",10850,10750,"7000×3/4=5250, 5000×4/5=4000, 3000×1/2=1500 합계 10750으로 10850은 산출 불가다."
train-001328,"If a rectangular floor measuring 10 m in length and 8 m in width is to be covered with a square carpet with sides measuring 4 m, what is the total area of the floor that remains uncovered?",16,64,덮이지 않은 넓이는 80-16=64이고 16은 카펫이 덮은 넓이라 질문과 반대다.
train-001335,"Dany owns a farm, in his farm he has 4 cows and 3 sheep that eat x bushels a day. He also has 7 chickens that eat 3 bushels a day. He should have 35 bushels to suffice the animals for a day. What is the value of unknown variable x? What is the value of unknown variable x?",32,2,"원문형(각 동물 기준) 7x+21=35 → x=2이며, 집합적 해석(x+3=35→32)은 '4마리·3마리'라는 수치를 완전히 무의미하게 만들어 성립하지 않는다."
train-001349,"By the end of spring, how many herb plants did Gilbert have in his yard considering that he initially planted three basil bushes, a parsley plant, and two kinds of mint, but one basil plant grew from dropped seeds and all the mint was eaten by a rabbit?",4,5,"바질3+파슬리1+민트2=6에 씨앗에서 자란 바질1을 더하고 토끼가 먹은 민트2를 빼면 5이며, 4가 나오는 해석은 없다."
train-001446,"Leon ordered 3 sets of toy organizers for $78 per set and 2 gaming chairs for $83 each. If there is a delivery fee that is x% of the total sales, Leon paid 420. What is the value of unknown variable x?",50,5,3×78+2×83=400이고 배송비 420-400=20이므로 x=20/400×100=5이다.
train-001448,"Sydney and Conner are having a three day rock collecting contest to see who can have the largest collection after adding to their existing collections. Before they start, Sydney has 837 rocks and Conner has x. On day one, Sydney collects 4 rocks and Conner collects 8 times as many. On day two Sydney rests and Conner collects 123. On the third day, Sydney collects twice as many as Conner did on the first day. Conner has to collect 27 on day three to make sure he at least ties Sydney. What is the value of unknown variable x?",675,723,"시드니 총합 837+4+64=905, 코너 증가분 32+123+27=182이므로 x=723이다."
train-001505,Circular gears p and q start rotating at the same time at constant speeds. Gear p makes 10 revolutions per minute and gear q makes some revolutions per minute. Gear q made exactly 2 more revolutions than gear p after 4 seconds. How many revolutions per minute does gear q make?,120,40,"4초=1/15분 동안 p는 2/3바퀴, q는 2/3+2=8/3바퀴이므로 q는 분당 40회전이다."
train-001542,"Compute the determinant of the matrix after multiplying the first row by 3:
\[
\begin{vmatrix} 3(1) & 3(-2) & 3(0) \\ 5 & -1 & 2 \\ 0 & 3 & -4 \end{vmatrix}
\]",114,-126,"1행에 3을 곱한 행렬의 행렬식은 3×(-42)=-126이고, 114는 여인수 부호를 빠뜨린 계산(-6+120) 결과다."
train-001572,"Suppose \(c\) and \(d\) are positive integers such that \(\gcd(c, d)\) is divisible by exactly 8 distinct primes, and \(\mathop{\text{lcm}}[c, d]\) is divisible by exactly 36 distinct primes. If \(c\) has fewer distinct prime factors than \(d\), then \(c\) has at most how many distinct prime factors?",22,21,"|P(c)|+|P(d)|=8+36=44이고 c의 소인수 개수가 d보다 '엄격히 적어야' 하므로 최대는 21이며, 22는 c=d=22가 되어 조건 위반이다."
train-001595,"Express $249_{11}+3AB_{12}$ as a base 10 integer. Here $A$ and $B$ denote the digits whose values are 10 and 11, respectively, in base X.
If we know the answer to the above question is 858, what is the value of unknown variable X?",10,12,"249_11=295, 3AB_12=563으로 합이 858이 되려면 A=10·B=11이 쓰인 밑은 아래첨자 그대로 12이며, X=10으로는 3AB가 성립조차 하지 않는다."
train-001645,"Given an isosceles trapezoid where the lengths of the non-parallel sides (legs) are both 5, and the lengths of the bases are 6 and 12 respectively. If it is known that the trapezoid is inscribed in a circle with a radius of 5, calculate the area of the trapezoid.",45,36,"다리 5·밑변 6,12이면 높이는 sqrt(25-9)=4라 넓이는 36이고(외접원 반지름은 실제로 약 6.16이라 '반지름 5'는 무의미한 오기), 45는 다리 5를 높이로 오용한 값이다."
train-001705,"In the geometric sequence $\{a_n\}$, where $a_n > 0$ for $n \in \mathbb{N^*}$, and it is given that $a_6 - a_4 = 24$ and $a_3 \cdot a_5 = 64$, find the sum of the first 6 terms of $\{a_n\}$.",126,63,"a3·a5=a4²=64로 a4=8, a6-a4=a4(r²-1)=24에서 r=2, a1=1이므로 S6=63이고 126은 a1=2로 잘못 둔 값이다."
train-001773,"From a collection of 12 marbles with different colors, including one red, one green, and one blue marble, how many ways can John choose 4 marbles if exactly one of the chosen marbles must be red, green, or blue?",495,252,"빨강·초록·파랑 중 정확히 하나를 고르므로 3×C(9,3)=252이고, 495=C(12,4)는 제약 없는 전체 경우의 수다."
train-001785,"James writes 10 pages an hour. If he writes 5 pages a day to a certain number of people, he spends 7 hours a week writing. To how many different people does James write daily?",14,2,"주당 7시간×10쪽=70쪽이고 1인당 하루 5쪽이면 주당 35쪽이므로 인원은 2명이며, 14는 '하루'를 무시하고 70/5로 계산한 값이다."
train-001789,"Let $\mathcal{S}$ be the set $\{1, 2, 3, \ldots, 12\}$. Consider the number of sets composed of two non-empty disjoint subsets of $\mathcal{S}$, $A$ and $B$, such that the number of elements in $A$ is exactly three more than the number of elements in $B$. Compute the remainder obtained when $n$, the number of such sets, is divided by $1000$.",252,32,"b=1..4, a=b+3에 대해 C(12,a)C(12-a,b)=3960+16632+18480+3960=43032이고 |A|≠|B|라 순서 중복도 없으므로 1000으로 나눈 나머지는 32다."
train-001862,What is the fourth number in the row of Pascal's triangle that has 15 numbers?,286,364,"항이 15개인 행은 C(14,k) 행이라 네 번째 수는 C(14,3)=364이고, 286=C(13,3)은 항이 14개인 행의 값이다."
train-001892,"A manufacturer produces and sells a certain beverage in spherical bottles. The cost to manufacture a bottle is $0.8πr^{2}$ cents, where $r$ is the radius of the bottle in centimeters. It is known that for every $1mL$ of beverage sold, the manufacturer makes a profit of $0.2$ cents. The manufacturer can produce bottles with a maximum radius of $6cm$. What should the radius of the bottle be to minimize the profit per bottle?",1,2,"y=0.2·(4/3)πr³-0.8πr²의 도함수가 0.8πr(r-2)이라 (0,6]에서 최소는 r=2이며 r=1은 임계점이 아니다."
train-001989,"Samantha, Aira, and Joe divided their rubber bands equally. If Samantha had 5 more bands than Aira and Aira had 1 fewer band than Joe, and Aira had 4 rubber bands, how many rubber bands did each of them receive after dividing?",4,6,"Aira=4이면 Samantha=9, Joe=5로 총 18개를 3명이 똑같이 나누므로 각자 받은 개수는 6이고, 라벨 4는 '나눈 뒤 6개씩'을 주고 Aira의 원래 개수를 묻던 원문제의 답이다."
train-002148,Let $n$ be the smallest positive integer that is a multiple of 75 and has exactly 36 positive integral divisors (including 1 and itself). Find $\frac{n}{75}$.,162,24,"75의 배수 중 약수가 정확히 36개인 최소값은 1800(=2^3·3^2·5^2)이므로 n/75=24이고, 라벨 162에 해당하는 12150도 약수 36개지만 최소가 아니다."
train-002378,"A piece of string fits exactly once around the perimeter of a rectangle whose length is twice its width, and whose area is 200. Rounded to the nearest whole number, what is the area of the largest circle that can be formed from the piece of string?",287,286,"둘레 60 → 넓이 900/π = 286.4789로 반올림하면 286이며, 287은 π≈3.14의 조악한 근사에서만 나온다."
train-002393,"A farmer harvested x potatoes. He bundled them in twenty-five's and sold each bundle for $1.90. He also harvested 320 carrots and bundled them in twenty's and sold each bundle for $2. If the farmer sold all his harvested crops, He got 51 in all. What is the value of unknown variable x?",875,250,"당근 16묶음×$2=$32, 감자 매출 $19 → 10묶음 → x=250이고 875는 총액 $51과 모순된다."
train-002394,"If Jim has 20 apples, and Jane has x apples, and Jerry has 40 apples, Jim's number of apples can fit into the average amount of apples for a person in the group 2 times. What is the value of unknown variable x?",30,60,짐의 20개가 평균에 2번 들어가려면 평균=40이므로 (20+x+40)/3=40 → x=60이다.
train-002404,Marin and his neighbor Nancy each eat 4 apples a day. How many apples do they eat in 30 days?,150,240,"두 사람이 각각 하루 4개씩 30일이면 2×4×30=240이고, 150은 하루 합계 5개일 때만 나온다."
train-002430,"After moving to a new city for her new job two weeks ago, Kathryn paid $1200 in rent, which was half of what she spent on food and travel expenses in a month. Fortunately, she found a new friend named Shelby who agreed to split the rent with her. If Kathryn's monthly salary is $5000, how much money does she have left after paying her expenses?",1400,2000,"식비·교통 2400에 셸비와 반씩 낸 월세 600을 더해 3000이므로 5000−3000=2000이며, 1400은 월세 분담을 무시한 값이다."
train-002446,"If n is a positive integer and n ^ 2 is divisible by 1080, then the largest positive integer q that must divide n is ?",6,180,1080=2^3·3^3·5이므로 n은 2^2·3^2·5=180의 배수여야 하고 유효 n들의 gcd가 정확히 180이다.
train-002465,In how many different ways can five students stand in a straight line if two specific students insist on not standing next to each other and one specific student must stand at one end of the line?,96,24,순열 전수조사 결과 특정 학생이 양 끝 중 하나(2×4!=48)에서 두 학생 인접 24가지를 빼면 24가지다.
train-002467,"How many integers from 1 through 999, inclusive, do not contain any of the digits 2, 3, 4, 5, or 6?",100,124,"허용 숫자 {0,1,7,8,9}로 1~999를 세면 4+20+100=124이고, 라벨 100은 세 자리 수만 센 부분합이다."
train-002482,"Consider the set of all points $(x, y)$ in the coordinate plane for which one of the coordinates is three times the other. If these points were plotted, into how many regions would the resulting graph split the plane?",8,4,"그래프는 원점에서 만나는 두 직선 y=3x, y=x/3뿐이라 평면이 4개 영역으로 나뉜다(8은 y=±3x까지 넣은 경우)."
train-002489,What is the sum of all integer values \( n \) for which \(\binom{25}{n} + \binom{25}{12} = \binom{26}{13}\)?,13,25,"C(25,12)=C(25,13)이므로 n=12,13 둘 다 성립하고 문제가 요구한 '모든 정수 n의 합'은 25다 (13은 한 해일 뿐)."
train-002583,In how many different ways can three distinct vertices of a cube be connected to form a triangle? (Triangles are considered distinct if they are located in different positions in space.),32,56,"정육면체 꼭짓점 8개 중 세 점이 일직선인 경우가 없어 C(8,3)=56이며, 32는 이등변/면 외/공간대각선 제외 등 문제문에 없는 추가 제한을 붙여야만 나온다."
train-002614,"In parallelogram $EFGH$, point $Q$ is on $\overline{EF}$ such that $\frac{EQ}{EF} = \frac{1}{8}$, and point $R$ is on $\overline{EH}$ such that $\frac{ER}{EH} = \frac{1}{9}$. Let $S$ be the point of intersection of $\overline{EG}$ and $\overline{QR}$. Find $\frac{EG}{ES}$.",2,17,"S=E+(1/17)(EF벡터+EH벡터)이므로 EG/ES=8+9=17이고, 2가 나오는 해석은 없다."
train-002631,"Compute
\[
\frac{(1 + 23) \left( 1 + \dfrac{23}{2} \right) \left( 1 + \dfrac{23}{3} \right) \dotsm \left( 1 + \dfrac{23}{25} \right)}{(1 + 25) \left( 1 + \dfrac{25}{2} \right) \left( 1 + \dfrac{25}{3} \right) \dotsm \left( 1 + \dfrac{25}{23} \right)}.
\]",600,1,"분자·분모 모두 48!/(23!·25!)로 정확히 같아 값은 1이며, 라벨 600은 근거가 없다."
train-002646,"There are three dogs in the backyard. They like apples, blueberries, and bonnies. The first dog, which likes apples, eats 3 times as many apples as the number of blueberries eaten by the second dog that likes blueberries. The dog that likes blueberries eats 3/4 times as many blueberries as the number of bonnies eaten by the third dog. If the dog that likes bonnies ate x of them, The total number of fruits eaten by the three dogs is 240. What is the value of unknown variable x?",80,60,x + (3/4)x + 3·(3/4)x = 4x = 240 이므로 x=60이며 80은 어떤 해석으로도 나오지 않는다.
train-002691,What is the smallest four-digit number that is divisible by $35$?,1006,1015,35의 배수 중 네 자리 최소는 29×35=1015이고 1006은 35로 나누어떨어지지 않는다.
train-002781,For how many integer values of $x$ is $x^2 < 9x + 6$?,9,10,"x²<9x+6의 근이 (9±√105)/2≈−0.62, 9.62라 정수해는 0..9의 10개다."
train-002796,"A paperboy now delivers newspapers to 12 houses along Main Street. To accomplish his task effectively while also conserving energy, he makes sure never to miss four consecutive houses. Calculate how many different ways he can deliver the newspapers considering these conditions.",2873,2872,길이 12 이진열 중 0이 4연속 없는 개수를 전수 열거해도 정확히 2872로 2873은 1 차이의 오답이다.
train-002826,"When the numbers 217 and 45 are multiplied in base-10 and the product is converted to base-6, what is the units digit of the resulting number?",5,3,217×45=9765이고 9765를 6진법으로 쓰면 113113으로 일의 자리는 9765 mod 6 = 3이다.
train-002900,"A car travels 40 kph for 20 kilometers, 50 kph for 25 kilometers, 60 kph for 45 minutes and X kph for 15 minutes. What is the average speed of the car, in kph?
If we know the answer to the above question is 51, what is the value of unknown variable X?",252,48,"총시간 2h·총거리 90+0.25X, (90+0.25X)/2=51 → X=48이며 252는 어떤 해석으로도 51이 나오지 않는다."
train-002980,"The Happy Valley Kennel now has 5 chickens, 3 dogs, 6 cats, and 4 rabbits. In how many ways can the 18 animals be placed in a row of 18 cages, such that all of the animals of each type are in adjacent cages?",17863680,298598400,"4!·5!·3!·6!·4!=298,598,400이고 라벨 17,863,680=2^10·3·5·1163은 소인수 1163 때문에 계승들의 곱이 될 수 없다."
train-003021,"A fair, twenty-faced die has X of its faces numbered from $1$ through $19$ and has one blank face. Another fair, twenty-faced die has $19$ of its faces numbered from $1$ through $8$ and $10$ through $20$ and has one blank face. When the two dice are rolled, what is the probability that the sum of the two numbers facing up will be $24?$ Express your answer as a common fraction. The value is 80. What is the value of unknown variable X?",8,19,20면 중 한 면이 공백이므로 X=19가 강제되고 이때 합 24가 되는 경우가 15/400=3/80(분모 80)로 맞는다.
train-003036,"For all prime integers $p$, where $p \geq 5$, what is the largest integer that always divides into the difference between $p$ and the cube of $p$?",12,24,"p≥5 소수에 대한 p³−p의 최대공약수는 24(=120,336,1320…의 gcd)이므로 '항상 나누는 가장 큰 정수'는 12가 아니라 24다."
train-003081,"Given that the sum of the first $n$ terms of a geometric sequence $\{a_n\}$ is $S_n = t \cdot 5^n - 2$, then the value of the real number $t$ is \_\_\_\_\_\_\_\_.",5,2,"n≥2에서 a_n=4t·5^{n-1}이므로 a_1=5t-2=4t → t=2(t=0은 등비 아님)이고, 라벨 5는 t가 아니라 공비다."
train-003086,Find the remainder when \(3612 + 3613 + 3614 + 3615 + 3616\) is divided by 9.,1,7,합이 5·3614=18070이고 자릿수합 16 → 18070 mod 9 = 7이다.
train-003340,"A mother is hosting her son's birthday party and plans to serve pizza. She has bought 5 pizzas and needs to determine how many slices to divide each pizza into so that all 20 children at the party receive an equal number of slices. She has the option to divide each pizza into 6, 8, or 10 slices, and wants to ensure that no pizza goes to waste. What is the optimal number of slices she should choose to divide the pizzas into to achieve this goal?",6,8,"피자 5판 총 슬라이스가 20으로 나누어떨어지는 경우는 5×8=40(1인 2조각)뿐이고, 6·10은 30·50으로 불가하다."
train-003396,"If the space station, Lupus-1, consists of three identical cylindrical structures with a total of 72 rooms, including 12 bedrooms and 7 bathrooms in each cylinder, how many kitchens are there on the entire space station?",159,15,"실린더당 72/3=24실, 24-12-7=5개 주방 ×3 = 15이며 159는 총 방 수 72보다도 커서 어떤 해석으로도 성립하지 않는다."
train-003407,"Determine how many different remainders can $p^2$ leave upon division by 840, where $p$ is a prime number greater than 7.",12,6,"p>7이면 p²≡1 (mod 8), ≡1 (mod 3), ∈{1,4} (mod 5), ∈{1,2,4} (mod 7)이라 840 나머지는 {1,121,169,289,361,529}의 6종뿐이며 소수 전수 확인으로도 6이다."
train-003413,A sign painter paints individual numerals for a row of 100 houses. The houses are numbered with consecutive integers from 1 to 100. How many 3s are painted?,10,20,1~100에서 숫자 3의 출현은 일의 자리 10회+십의 자리 10회=20회(3이 포함된 집 수로 봐도 19)라 10은 절반만 센 값이다.
train-003438,"$:$ Folkiore

While tidying up the children's room before the guests arrived, mom found nine socks. Among any four of these socks, at least two belonged to one child, and among any five, no more than three had the same owner. How many children could there have been, and how many socks could have belonged to each child?",6,3,"조건(아이 수 ≤3, 아이당 양말 ≤3)과 총 9짝을 전수 검증하면 유일해가 3명·각 3짝이라 두 물음 모두 답이 3이고, 라벨 6은 어떤 읽기로도 나오지 않는다(3+3 합산일 뿐)."
train-003520,"If Cassidy's movie poster collection will be double its size in two years, adding six more posters after this summer, and she currently has 14 posters, how many posters does she have now?",10,14,문항이 묻는 것은 '지금 몇 장'인데 본문에 '현재 14장'이 명시돼 있다; 10은 원문의 '2년 전' 질문(14+6=20→10)의 답이라 개작된 문장에는 도출 근거가 없다.
train-003581,"Two circles, one of radius 7 inches, the other of radius 3 inches, are tangent at point P. Two ants start crawling at the same time from point P, one along the bigger circle at $5\pi$ inches per minute, the other along the smaller circle at $3\pi$ inches per minute. How many minutes before they next meet at point P?",70,14,"한 바퀴 시간이 14π/5π=14/5분과 6π/3π=2분이라 최소공배수는 14분(큰 원 5바퀴·작은 원 7바퀴)이고, 70분은 그 5배 시점이라 '다음' 만남이 아니다."
train-003656,"A tree had 1000 leaves before the onset of the dry season, when it sheds all its leaves. In the first week of the dry season, the tree shed 2/5 of the leaves. In the second week, it shed 40% of the remaining leaves.  In the third week, the tree shed 3/4 times as many leaves as it shed on the second week. Calculate the number of leaves the tree hadn't shed by the third week.",90,180,"1000→400 낙엽 후 600, 2주차 40%인 240 낙엽 후 360, 3주차는 2주차의 3/4인 180을 떨궈 남은 잎은 180이다(90은 남은 360의 3/4을 떨군 오독)."
train-003734,"If $BBB_5$ can be expressed as $44_c$, where $B$ is a digit in base 5 and $c$ is a base greater than or equal to 6, what is the smallest possible sum \(B+c\)?",8,34,"31B=4c+4에서 B는 4의 배수여야 하므로 B=4·c=30만 가능해 B+c=34이고, c≥6 범위 전수 탐색에서 합이 8인 해는 존재하지 않는다."
train-003792,"Shown below are rows 1, 2, and 3 of Pascal's triangle.

\[
\begin{array}{ccccccc}
& & 1 & & X & & \\
& 1 & & 2 & & 1 & \\
1 & & 3 & & 3 & & 1
\end{array}
\]Let $(a_i),$ $(b_i),$ $(c_i)$ be the sequence, from left to right, of elements in the 2005th, 2006th, and 2007th rows, respectively, with the leftmost element occurring at $i = 0.$  Compute
\[\sum_{i = 0}^{2006} \frac{b_i}{c_i} - \sum_{i = 0}^{2005} \frac{a_i}{b_i}.\]
If we know the answer to the above question is \frac{1}{2}, what is the value of unknown variable X?",2,1,"표시된 세 행이 (1,X)/(1,2,1)/(1,3,3,1)이므로 파스칼 1행은 1 1이고 X=1이며, 주어진 합 1/2도 독립 검산으로 확인돼 X와 무관하다."
train-003797,"Determine the diameter, in inches, of a sphere with triple the volume of a sphere of radius 6 inches. Express your result in the form $a\sqrt[3]{b}$, where $a$ and $b$ are positive integers and $b$ contains no perfect cube factors. Compute $a+b$.",14,15,"부피 3배면 r³=648, 지름=12∛3 → a+b=15이고, 라벨 14는 부피 2배(12∛2) 판본의 답이다."
train-003898,"What is the least whole number that is divisible by 11, but leaves a remainder of 1 when divided by any integer from 2 through 5 and 7?",2521,2101,"2521는 11로 나누어떨어지지 않으며(2521 mod 11 = 2), n≡1 (mod 420)이면서 11의 배수인 최소값은 2101=11×191이다."
train-003920,"4. Among three-digit natural numbers, the sum of numbers divisible by 3 is

The total sum of three-digit natural numbers that can be divided by 3 is",161150,165150,102부터 999까지 3의 배수 300개의 합은 300×(102+999)/2 = 165150이다.
train-003931,"In a yard, the number of tanks is five times the number of trucks. If there are 20 trucks in the yard, calculate the total number of tanks and trucks in the yard.",140,120,"탱크=5×20=100, 트럭 20 → 합계 120이며 140은 '5배 더 많다'(6×20)로 잘못 읽은 값이다."
train-003958,"If the restaurant makes 60 hot dogs every day and makes 40 more pizzas than hot dogs, how many pizzas and hot dogs will it make in the month of June?",3000,4800,"피자 100+핫도그 60=160개/일 × 6월 30일 = 4800이고, 3000은 피자만 센 값이다."
train-003974,"A doctor needs to give medicine to a child, and he knows that he cannot give the same amount of medicine that he would give to an adult. The instructions say that for every kilogram of weight the child must be given 5 ml of medicine. The doctor knows that the child weighs 30 kilograms and that also the full dose has to be given in x equal parts. How many milligrams will each part of the dose be?
If we know the answer to the above question is 50, what is the value of unknown variable x?",30,3,"30kg×5ml=150이고 각 부분이 50이려면 x=150/50=3이며, 라벨 30은 문제에 주어진 몸무게가 그대로 새어 들어간 값(150/30=5로 조건 불일치)이다."
train-003985,"At a state contest, 21 Mathletes stay in the same hotel. Each Mathlete gets his/her own room and the room numbers are X through 21. When all the Mathletes have arrived, except the ones staying in rooms 12 and 13, The median room number of the other 19 Mathletes is 10. What is the value of unknown variable X?",2,1,"방 1~21에서 12,13 제외한 19개의 중앙값이 정확히 10이 되며 X=2면 방 수가 21개에 못 미치고 중앙값도 10.5가 된다."
train-004040,What is the area enclosed by the graph of $|3x| + |y| = 12$?,384,96,"|3x|+|y|=12는 대각선 8과 24인 마름모라 넓이는 8×24/2 = 96이며, 384는 우변이 24일 때의 값이다."
train-004071,There are 10 numbers from a certain number to 65 that are exactly divisible by 5. What is the starting number of this range?,15,20,"""from X to 65""을 통상대로 시작값 포함으로 읽으면 15는 11개(20~65가 정확히 10개)이므로 라벨은 off-by-one이다."
train-004087,"Lily got a new puppy for her birthday.  She was responsible for feeding the puppy 1/4 cup of food three times a day for two weeks starting tomorrow.  For the following 2 weeks, Lily will feed him 1/2 cup of food twice a day.  She has fed him 1/2 cup of food today.  Including today, The puppy will eat 25 food over the next x weeks. What is the value of unknown variable x?",5,4,0.5+0.75×14+1×14=25컵이 정확히 오늘+4주치이므로 x=4이다.
train-004108,"In a class of 50 students, 4 students did not borrow any books from the library, 15 students each borrowed 1 book, 9 students each borrowed 2 books, 7 students each borrowed 3 books, and the rest borrowed at least 4 books. If the average number of books per student was 3 and no student borrowed more than 10 books, what is the maximum number of books a single student could have borrowed under the condition that the total number of books borrowed by those who borrowed at least 4 books must be even?",40,10,"남은 15명이 96권을 나누므로 상한 없으면 40이지만 문제가 명시한 ""10권 초과 금지""가 구속하고 10은 실현 가능(나머지 14명 합 86, 각 4~10)하다."
train-004124,"If a farmer has 46 chickens and each chicken produces 6 eggs per week, how much money would the farmer make in 8 weeks if he sells a dozen eggs for $3?",540,552,"46×6×8=2208개=184다스, 184×$3=$552이며 540이 나오는 해석(닭 45마리 등)은 문제 문구에 없다."
train-004268,"Expanding $(1+0.2)^{1000}$ by the binomial theorem and doing no further manipulation gives
\[{1000 \choose 0}(0.2)^0+{1000 \choose 1}(0.2)^1+{1000 \choose 2}(0.2)^2+\cdots+{1000 \choose 1000}(0.2)^{1000}= A_0 + A_1 + A_2 + \cdots + A_{1000},\]where $A_k = X \choose k}(0.2)^k$ for $k = 0,1,2,\ldots,1000.$ For which $k$ is $A_k$ the largest?
If we know the answer to the above question is 166, what is the value of unknown variable X?",830,1000,"제시된 전개식이 C(1000,k)(0.2)^k이므로 X=1000이고, 최대항 k=⌊0.2(X+1)/1.2⌋=166도 X=1000에서만 맞는다(X=830이면 k=138)."
train-004317,Find the greatest common divisor of $20244$ and $46656$.,54,12,"20244=2²·3·7·241, 46656=2⁶·3⁶이므로 gcd=12이고 54는 어떤 약수 조합으로도 나오지 않는다."
train-004371,"If the system of equations  \begin{align*}
5x + y &= b, \\
3x + 4y &= 3b,
\end{align*} has a solution \((x,y)\) when \(x=3\), compute \(b\).",60,51,"x=3을 대입하면 y=b-15, 9+4(b-15)=3b에서 b=51이며 (3,36)이 두 식을 모두 만족한다."
train-004392,"After purchasing 4 pints of strawberry ice cream on Sunday, Alice bought three times that amount the next day. Then on Tuesday, she bought one-third of the number of pints she bought the day before. On Wednesday, she returned half of the pints she bought the day before because they were expired. How many pints of ice cream does Alice have on Wednesday?",2,18,"4+12+4−2=18이며, 라벨 2는 화요일 구매분의 절반(반품량)만 남긴 계산 오류다."
train-004423,"A cube is to be painted using six different colors, with each face of the cube painted a unique color. How many distinguishable ways are there to paint the cube? (Two colored cubes are distinguishable if neither can be rotated to look just like the other.)",15,30,"회전만 동일시하므로 6!/24=30이고, 15는 거울상까지 동일시한 경우의 값이다."
train-004456,"Four red candies and three green candies can be combined to make many different flavors. Flavors are different if the percent red is different, so 3 red / 0 green is the same flavor as 2 red / X green; and likewise 4 red / 2 green is the same flavor as 2 red / 1 green. If a flavor is to be made using some or all of the seven candies, how many different flavors are possible?
If we know the answer to the above question is 11, what is the value of unknown variable X?",6,0,"3red/0green과 같은 맛이 되려면 2red/X green도 적색 100%여야 하므로 X=0이며, 맛의 개수 11은 X와 무관하게 성립한다."
train-004489,"What was the total cost of the 4 half dozen colored crayons that Jamal bought, considering each crayon was $2?",24,48,"4 half dozen = 24자루이고 자루당 $2이므로 총액은 $48이며, 라벨 24는 총액이 아니라 크레용 개수다."
train-004680,"Determine the sum of all real numbers \(x\) satisfying
\[
(x^2 - 5x + 3)^{x^2 - 6x + 3} = 1.
\]",16,12,"밑=1(합 5), 지수=0(합 6), 밑=−1은 x=1만 지수 −2로 짝수라 유효(x=4는 지수 −5로 홀수라 제외)하여 합은 12이고, 라벨 16은 x=4를 잘못 포함한 값이다."
train-004706,"I have seven apples and twelve oranges. If a fruit basket must contain at least three pieces of fruit, how many kinds of fruit baskets can I make? (The apples are identical and the oranges are identical. A fruit basket consists of some number of pieces of fruit, and it doesn't matter how the fruit are arranged in the basket.)",96,98,"(a,o) 조합 8×13=104에서 과일 0·1·2개인 6가지를 빼면 98이고, 96은 '오렌지 1개 이상' 같은 다른 조건에서만 나온다."
train-004793,Determine the value of $m$ such that the ellipse $x^2 + 9y^2 = 9$ and the hyperbola $x^2 - m(y+1)^2 = 1$ are tangent to each other.,2,72,"타원 대입 결과 (9+m)y^2+2my+(m-8)=0의 판별식이 -4(m-72)이라 접함 조건은 m=72뿐이다(접점 y=-8/9, x^2=17/9)."
train-004869,How many ways are there to put 5 distinguishable balls into 3 indistinguishable boxes?,66,41,"구별되는 공 5개를 구별 안 되는 상자 3개에 넣는 경우는 집합분할 완전열거로 41(=S(5,1)+S(5,2)+S(5,3))이며 66은 어떤 해석으로도 나오지 않는다."
train-004892,Find the coefficient of the $x^2$ term in the expansion of the product \((2x^3 + 4x^2 - 3x)(3x^2 - 8x - 5)\).,-44,4,전개식 6x^5-4x^4-51x^3+4x^2+15x에서 x^2 계수는 4이며 -44는 어떤 항의 계수도 아니다.
train-004905,What is the number of degrees in the smaller angle formed by the hour and minute hands of a clock at 9:10? Express your answer as a decimal to the nearest tenth.,35,145,"9:10에서 시침 275°·분침 60°이므로 작은 각은 145.0°이고, 라벨 35는 3:10일 때의 값이다."
train-004912,How many five-letter words can be formed such that the word starts with a vowel and ends with a consonant?,1844760,1845480,"모음 5×26³×자음 21 = 1,845,480이며 라벨 1,844,760은 720 차이로 어떤 자연스러운 계산으로도 재현되지 않는다(소인수 2³·3·5·15373)."
train-004918,"The maximum safe amount of caffeine you can consume per day is 500 mg. If each energy drink has 120 mg of caffeine and Brandy drinks x of them, She can safely consume 20 more caffeine that day. What is the value of unknown variable x?",3,4,"500−120x=20 ⇒ x=4이고, x=3이면 여유가 140mg이 되어 조건과 어긋난다."
train-004932,"In an isosceles triangle ABE with an area of 100 square inches, a line segment CD cuts the triangle into an isosceles trapezoid and a smaller isosceles triangle. The area of the trapezoid is 75 square inches. The altitude of triangle ABE from point A is 20 inches. What is the length, in inches, of line segment CD?",10,5,"높이 20·넓이 100이므로 BE=10이고 작은 삼각형 넓이 25는 넓이비 1/4 ⇒ 닮음비 1/2이라 CD=5이며, 라벨 10은 밑변 BE 값이다."
train-004953,What is the least positive integer with exactly eight distinct positive factors?,30,24,"약수 8개를 갖는 최소 양의 정수는 24(1,2,3,4,6,8,12,24)이고 30은 그 다음 값이다."
train-005024,"Let $a$, $b$, $c$, and $d$ be positive real numbers. Determine the smallest possible value of the expression $(a+b+c+d)\left(\frac{1}{a+b} + \frac{1}{b+c} + \frac{1}{c+d} + \frac{1}{a+d}\right)$.",4,8,"(a+b)+(c+d)=(b+c)+(a+d)=s이므로 AM-HM으로 각 쌍이 ≥4, 합 최소 8(a=b=c=d에서 달성)이고 수치 최적화도 8을 준다."
train-005025,"If $BBB_5$ can be expressed as $44_b$, where $B$ is a digit in base 5 and $b$ is a base greater than 6, what is the smallest possible sum $B+b$?",11,34,"31B=4b+4에서 B∈{1,2,3,4} 중 4|31B를 만족하는 것은 B=4뿐이라 b=30, 합은 34이며 합 11을 주는 해는 존재하지 않는다."
train-005046,"A contractor undertakes to do a job within 100 days and hires 10 people to do it. After 20 days, he realizes that one fourth of the work is done, so he fires 2 people. In how many more days will the work get over?",5,75,"총 작업량 10명×20일=200인일=1/4 → 800인일, 남은 600인일을 8명이 하면 75일이며 라벨 5는 '예정보다 5일 빨리 끝남'(총 95일)일 뿐 질문이 묻는 '앞으로 며칠'이 아니다."
train-005117,"Archie is playing with his marbles outside. He loses x% of them into the street. Of the remaining ones, he loses half down a sewer. If he has 20 left, how many did he start with?
If we know the answer to the above question is 100, what is the value of unknown variable x?",40,60,"100→x% 손실 후 남은 것의 절반을 잃어 20이 되려면 (100−x)/2=20, 즉 x=60이며 40은 어떤 해석으로도 성립하지 않는다."
train-005125,How many solutions of the equation $\sin x = \sin (\sin x)$ exist on the interval $0 \leq x \leq \sin^{-1}(0.9)$?,0,1,"u>0에서 sin u<u이므로 sin x=sin(sin x)는 sin x=0, 즉 구간 내 x=0 한 개뿐이다."
train-005155,"In Alaska the commercial Cod fishing season runs from January 1 - August 1 lasting exactly 7 months, or x days on a non-leap year.  Two fishermen are competing against each other to see who can earn more profit.  The first fisherman plans to catch fish at a steady rate of 3 per day for the entire season.  The second fisherman is a novice who will need to start more slowly. He plans to catch only 1 fish per day during the first 30 days, 2 fish per day during the next 60 days, and then 4 fish per day during the remainder of the season.  At the end of the season, how many more fish will be caught by the fisherman who catches the higher number of fish?
If we know the answer to the above question is 3, what is the value of unknown variable x?",207,213,|3x-(150+4(x-90))|=3의 해는 207과 213 둘 다지만 1월1일~8월1일 7개월은 212~213일이므로 207일은 문제의 기간 조건과 모순이다.
train-005158,"Sean adds up all the even integers from 2 to 500, inclusive. Julie adds up all the integers from 1 to X, inclusive. Sean's sum divided by Julie's sum is 2. What is the value of unknown variable X?",353,250,"Sean 합 62750, 비율 2 → X(X+1)/2=31375=250·251/2 이므로 X=250."
train-005170,The greatest common divisor of 280 and 2155 is _____.,35,5,"2155=5·431이고 431은 소수라 gcd(280,2155)=5 (2155는 7로 나눠지지 않아 35 불가)."
train-005283,"Given a sequence $a_1,$ $a_2,$ $a_3,$ $\dots,$ let $S_n$ denote the sum of the first $n$ terms of the sequence.

If $a_1 = 1$ and
\[a_n = \frac{2S_n^2}{2S_n - 1}\]for all $n \ge X then find $a_{100}.$
If we know the answer to the above question is -\frac{2}{39203}, what is the value of unknown variable X?",100,2,"a1=1에서 n≥2로 점화식을 적용하면 정확히 a_100=−2/39203이 나오므로 X=2이고, X=100이면 S_99가 미정이라 a_100이 결정되지 않는다."
train-005289,"Given that triangle ABC has vertices A(0, 8), B(2, 0), and C(8, 0), a horizontal line with equation y = t intersects line segment AB at point T and line segment AC at point U, forming triangle ATU with an area of 13.5. What is the value of t?",3,2,"TU=(3/4)(8-t), 높이 8-t이므로 (3/8)(8-t)^2=13.5 → t=2 (t=14는 삼각형 밖), t=3이면 넓이 9.375로 불일치."
train-005292,What is the largest positive integer \( n \) for which \( n^3 + 99 \) is divisible by \( n+9 \)?,882,621,"n^3+99=(n^3+729)-630이므로 n+9|630, 최대 n+9=630 → n=621 (882는 나눠떨어지지 않음)."
train-005303,What is the smallest positive value of $x$ such that $x + 3956$ results in a palindrome?,48,37,3956 다음 회문은 4004가 아니라 3993이므로 최소 x는 37이다.
train-005306,"Consider the graph of the function $$\frac{x^2 + 5x + 6}{x^3 - 3x^2 - 4x}.$$ Let $p$ be the number of holes in the graph, $q$ be the number of vertical asymptotes, $r$ be the number of horizontal asymptotes, and $s$ be the number of oblique asymptotes. Calculate the value of $p + 2q + 3r + 4s$.",7,9,"분모 x(x-4)(x+1)과 분자 (x+2)(x+3)에 공약수가 없어 p=0,q=3,r=1,s=0 → 0+6+3+0=9."
train-005374,"When Jeffrey walks, for every three steps forward, he takes two steps backwards. The distance between the house and the mailbox is some steps. Jeffrey takes a total of 330 steps when he goes from the house to the mailbox. What is the distance between the house and the mailbox in steps?",110,66,"전진3·후진2로 5걸음마다 1칸 전진하므로 총 330걸음이면 거리 66이며, 110은 330을 전진 걸음 수로 잘못 본 값이다."
train-005553,"Compute the number of real solutions $(x,y,z,w)$ to the system of equations:
\begin{align*}
x &= 2z + 2w + zwx, \\ 
y &= 2w + 2x + wxy, \\
z &= 2x + 2y + xyz, \\
w &= 2y + 2z + yzw,
\end{align*}
and additionally assume $w = \sin^2(\theta)$ for some angle $\theta$.",5,1,"실해 5개의 w는 0,±1.0448,±3.4508인데 w=sin^2θ∈[0,1] 제약이 붙어 (0,0,0,0) 하나만 남는다."
train-005631,The circle $x^2 = -y^2 + 10x - 6y + 15$ is inscribed inside a square which has a pair of sides parallel to the y-axis. What is the area of the square?,76,196,"x²+y²−10x+6y−15=0 → 중심(5,−3)·r=7이므로 내접 정사각형 한 변 14, 넓이 196이며 76은 어떤 해석으로도 나오지 않는다."
train-005637,"On a certain farm, the ratio of horses to cows is 4:1. Additionally, the farm also has sheep in a ratio of 3:2 with respect to horses. If the farm were to sell 15 horses and buy 15 cows while maintaining a budget of $4,500, where each horse is sold for $300 and each cow is bought for $150, the ratio of horses to cows would then be 7:3. After the transaction, how many more horses than cows would the farm own, considering the number of sheep remains the same?",108,60,"(4c-15)/(c+15)=7/3에서 c=30, 거래 후 말 105·소 45로 차이는 60이며 108은 어떤 해석으로도 나오지 않는다."
train-005683,"4A. Find the number of all subsets of three different elements from the set $\left\{2,2^{2}, 2^{3}, \ldots, 2^{2000}\right\}$ such that these elements are consecutive terms of an increasing geometric progression.",499500,999000,"2^a,2^b,2^c가 등비이려면 a+c=2b(a,c 동일 패리티)여서 2*C(1000,2)=999000이고, 라벨 499500은 한쪽 패리티만 센 값이다."
train-005694,"If $h(x)$ is a monic quartic polynomial such that $h(-2)=-4$, $h(1)=-1$, $h(-4)=-16$, and $h(3)=-9$, find $h(2)$.",-20,-28,"h(x)+x^2가 -2,1,-4,3을 근으로 갖는 모닉 4차이므로 h(2)=(4)(1)(6)(-1)-4=-28이다."
train-005866,"Mark does a gig every other day for 2 weeks.  For each gig, he plays 3 songs.  2 of the songs are 5 minutes long and the last song is twice that long.  How many minutes did he play?",280,140,"2주(14일) 동안 격일 공연이면 7회이고 회당 5+5+10=20분이라 140분이며, 280은 14회로 잘못 센 값이다."
train-005918,"Marcel goes to the store with Dale to buy groceries for cooking dinner. Marcel buys 10 ears of corn, and Dale buys x% that amount. Dale buys 8 potatoes and Marcel buys some, too. If they check out together and end up buying 27 vegetables, Marcel bought 4 potatoes. What is the value of unknown variable x? What is the value of unknown variable x?",5,50,"10 + 10·x/100 + 8 + 4 = 27에서 x=50이고, 라벨 5는 Dale이 산 옥수수 개수(퍼센트가 아닌 값)다."
train-005921,Natural numbers of the form $G_n = 3^{3^n} + 1$ are called Modified Fermat numbers. Determine the units digit of $G_{500}$.,2,4,"3^500≡1 (mod 4)이라 3^(3^500)의 일의 자리는 3, G_500의 일의 자리는 4이며 3^n이 홀수라 일의 자리 2는 원리상 불가능하다."
train-006051,"Determine the value of the expression \[(2^{1006} + 5^{1007})^2 - (2^{1006} - 5^{1007})^2\] and express it in the form $k \cdot 10^{1006}$, where $k$ is a positive integer.",40,20,"4·2^1006·5^1007 = 2·10^1007 = 20·10^1006 이므로 k=20이고, 40은 2^1007 변형에서만 나온다."
train-006095,"After buying 3 pieces of construction paper for each of her 8 students and 6 bottles of glue to be shared among them, Kelly accidentally dropped half of the supplies down a storm drain. However, she was able to quickly go to the store and buy 5 more pieces of construction paper. How many supplies does Kelly have left?",23,20,"종이 24+풀 6=30개의 절반이 사라져 15개, 여기에 5장을 더해 20개이며 23은 종이만 절반 버린 경우다."
train-006106,"In a basketball tournament game, Alex attempted only three-point shots and two-point shots. Alex was successful on $25\%$ of his three-point shots and $20\%$ of his two-point shots. If Alex attempted $40$ shots in total, how many points did he score?",30,23,"성공 개수가 정수여야 하므로 3점 시도는 4의 배수·2점 시도는 5의 배수이고 합이 40이면 (20,20)뿐이어서 15+8=23이며, 라벨 30은 2점 시도 0회(문제 전제 위반)인 퇴화 경우에서만 나온다."
train-006141,Find the average of all the numbers between 40 and 80 which are divisible by 3. What is the average?,63,60,"40과 80 사이 3의 배수는 42~78이라 평균이 정확히 60이고, 63은 84까지 포함해야 나온다."
train-006171,"The school cafeteria ordered 42 red apples and 7 green apples for students lunches. But, if a certain number of students wanted fruit, the cafeteria ended up with 40 extra fruit. How many students wanted fruit?",40,9,과일 49개 중 40개가 남았으므로 학생 수는 9이고 라벨 40은 문제에 이미 주어진 잉여 과일 수다.
train-006193,For how many integer values of $x$ is $3x^2 + 14x + 8 > 17$ not satisfied?,10,6,3x^2+14x+8<=17은 -5.24<x<0.57에서 성립해 정수는 -5..0의 6개다.
train-006275,A number is said to be prime saturated if the product of all the different positive prime factors of g is less than the square root of g. What is the greatest two-digit prime saturated integer?,98,96,"98은 소인수곱 14 > √98≈9.9로 조건 불만족이고, 조건을 만족하는 최대 두 자리 수는 96(6<√96)이다."
train-006375,"Janet filmed a new movie that is 60% longer than her previous 2-hour long movie.  Her previous movie cost $50 per minute to film, and the newest movie cost twice as much per minute to film as the previous movie.  What was the total amount of money required to film Janet's entire newest film?",1920,19200,"120분×1.6=192분, 분당 $50×2=$100이므로 총 $19,200이며 1920은 자릿수 누락이다."
train-006401,"Determine the number of correct conclusions in the following:

$①$ The converse of the proposition ""If $x^2 - 3x + 2 = 0$, then $x = 1$"" is ""If $x \neq 1$, then $x^2 - 3x + 2 \neq 0$"";

$②$ ""$a \neq 0$"" is a necessary but not sufficient condition for ""$a^2 + a \neq 0$"";

$③$ If the compound proposition $p \land q$ is false, then both $p$ and $q$ are false propositions;

$④$ If proposition $p$: ""$\exists x_0 \in \mathbb{R}$ such that $x_0^2 + x_0 + 1 < 0$"", then $\lnot p$: ""$\forall x \in \mathbb{R}$, $x^2 + x + 1 \geq 0$"".",3,2,①에 제시된 명제는 converse(역)가 아니라 대우/이(否)라서 틀리고 ②④만 옳으므로 2이다.
train-006402,"A club with 30 members ordered fruit juices. Two-fifths of them ordered lemon juice. One-third of the remaining members ordered mango juice, and the rest ordered orange juice. How many members ordered orange juice?",6,12,"레몬 12명, 남은 18명 중 망고 6명이므로 오렌지는 12명이고 라벨 6은 망고 수를 답으로 적은 것이다."
train-006412,"When $\sqrt[3]{2450}$ is simplified, the result is $a\sqrt[3]{b}$, where $a$ and $b$ are positive integers and $b$ is as small as possible.  What is $a+b$?",37,2451,"문제에 적힌 대로 세제곱근이면 2450=2·5²·7²에 세제곱 인수가 없어 a=1,b=2450 → 2451이고, 37은 제곱근(35√2) 버전의 답이라 표기된 문제와 맞지 않는다."
train-006428,"Define a function $g(x),$ for positive integer values of $x,$ by
\[
g(x) = \left\{
\begin{aligned}
\log_2 x & \quad \text{if } \log_2 x \text{ is an integer}\\
2 + g(x + 2) & \quad \text{otherwise}.
\end{aligned}
\right.
\]  
Compute $g(200)$.",60,64,200에서 +2씩 28번 올라가 최초 2의 거듭제곱 256(=2^8)에 도달하므로 g(200)=2*28+8=64이며 60은 어떤 계산 경로로도 나오지 않는다.
train-006439,"The Happy Valley Kennel has now 4 chickens, 3 dogs, 5 cats, and 2 rabbits. In how many ways can these 14 animals be placed in a row of 14 cages, such that all animals of each type are in adjacent cages?",414720,829440,4!·4!·3!·5!·2!=829440인데 라벨 414720은 토끼 2마리의 2!를 빠뜨린 값이다.
train-006502,"If a type C school bus has 13 rows of seats divided into two sections by an aisle, and the school policy allows two students to sit in each section, what is the maximum number of students that can be seated on the bus?",26,52,통로가 각 줄을 두 구역으로 나누고 구역당 2명이므로 13×2×2=52이며 26은 '줄당 2명' 오독의 값이다.
train-006504,What is the least positive integer $n$ such that $n^2 - n$ is divisible by some but not all integer values of $k$ when $1 \leq k \leq 10$?,3,2,"n=1은 0이라 1~10 전부로 나누어떨어져 제외되고 n=2는 2가 k=1,2로만 나누어떨어져 '일부만' 조건을 즉시 만족하므로 최소값은 2이며, 3이 나오는 해석(k=1 제외+약수 2개 이상 요구)은 이중 가정이라 성립하지 않는다."
train-006540,What is the smallest positive integer \( n \) for which \( n^2 \) is divisible by 24 and \( n^3 \) is divisible by 1080?,120,60,"n=2^2·3·5=60이 두 조건(3600/24, 216000/1080)을 모두 만족하는 최소값이며 120은 최소가 아니다."
train-006573,The line $y = m$ intersects the graph of the parabola $y = -\frac{1}{2}x^2 + 2x - 6$ at exactly one point. What is $m$?,4,-4,y=-1/2(x-2)^2-4의 꼭짓점 y값이 -4이므로 접하는 수평선은 m=-4(라벨은 부호 오류).
train-006600,"If the carousel at the fair has 3 blue horses, three times the number of purple horses, twice the number of green horses as purple horses, and 1/6th the number of gold horses as green horses, what is the total number of horses on the carousel?",18,33,파랑3·보라9·초록18·금3 = 33이며 라벨 18은 초록 말 수만 적은 것이다.
train-006651,"Benny received 67 dollars for his birthday. He went to a sporting goods store and bought a baseball glove, baseball, and bat. After spending some money on the baseball gear, he had 34 dollars left. How much money did he have left over?",33,34,"질문이 '남은 돈'을 묻고 본문이 34달러 남았다고 명시하므로 34이며, 라벨 33은 '쓴 돈'(67-34)이다."
train-006673,"Mrs. Hilt and her sister drove to a concert 156 miles away. They drove 48 miles and then stopped for gas. Her sister added 12 gallons of gas to the car, which has a fuel consumption of 24 miles per gallon. How many miles did they have left to drive and will they need to stop for gas again before they reach the concert?",288,108,남은 거리는 156-48=108이고 라벨 288(12갤런×24마일)은 주행 가능 거리일 뿐 질문의 답이 아니다.
train-006764,"Yun had 20 paperclips initially, but then lost 12. Marion has 1/4 more than what Yun currently has, plus 7. How many paperclips does Marion have?",9,17,"윤이 현재 8개이고 마리온은 그보다 1/4 많은 10개에 7을 더한 17개인데, 라벨 9는 '1/4 많은'을 '1/4'로 오독한 값이다."
train-006813,"A brick measures 20 cm * 10 cm * 7.5 cm. To build a wall measuring some meters in length, 2 m in height, and 0.75 m in width, 25,000 bricks will be required. What is the length of the wall in meters?",250,25,"벽돌 25,000장 부피 37.5 m³를 단면적 2×0.75=1.5 m²로 나누면 길이는 25 m이며 250 m는 10배 오류다."
train-006837,"Let $p(x)$ be a monic polynomial of degree 6 such that $p(1) = 1,$ $p(2) = 2,$ $p(3) = 3,$ $p(4) = X $p(5) = 5,$ and $p(6) = 6.$  Find $p(7).$
If we know the answer to the above question is 727, what is the value of unknown variable X?",-20,4,"monic 6차에 p(1),p(2),p(3),p(5),p(6)과 p(7)=727을 넣으면 다항식이 유일하게 결정되고 p(4)=4다."
train-006884,"Given that $\binom{24}{5} = 42504$, $\binom{24}{6} = 134596$, and $\binom{24}{7} = 346104$, calculate $\binom{26}{6}$.",657800,230230,"C(26,6)=230230이고 라벨 657800은 힌트값들이 가리키는 C(26,7)이라 문제 본문(6 선택)과 맞지 않는다."
train-006952,What is the digit in the ten-thousandths place of the decimal equivalent of $\frac{7}{32}$?,5,7,7/32=0.21875에서 소수 넷째 자리(ten-thousandths)는 7이고 5는 다섯째 자리다.
train-006986,"If Mario paid $18 for his last haircut on Monday, how much would he have paid the day before if haircuts at Mario's barbershop are 50% more expensive during the weekends?",12,27,"월요일 전날은 주말인 일요일이므로 18×1.5=27이고, 라벨 12는 18÷1.5로 방향을 반대로 계산한 값이다."
train-007006,"If a stack of coins in the United States has a total height of exactly 14 mm and the thicknesses of the coins are as follows: penny - 1.55 mm, nickel - 1.95 mm, dime - 1.35 mm, and quarter - 1.75 mm, how many coins are in the stack?",9,8,"두께를 20배하면 31·39·27·35 모두 홀수라 합 280(짝수)은 짝수 개 동전만 가능하고, 전수탐색 결과 10가지 조합 모두 정확히 8개이므로 9는 불가능하다."
train-007033,"Andrew eats 14 donuts on Monday, and half as many on Tuesday. On Wednesday Andrew eats 4 times as many as he did on Monday.  How many donuts did Andrew eat total in the three days?",49,77,"수요일은 명시적으로 '월요일의 4배'이므로 14+7+56=77이고, 49는 화요일 기준(28)으로 잘못 읽은 값이다."
train-007066,"A play was held in an auditorium and its ticket costs $10. An auditorium has x rows and each row has 10 seats. If only 3/4 of the seats were sold, 1500 was earned from the play. What is the value of unknown variable x?",8,20,10x석의 3/4에 $10을 곱하면 75x=1500이므로 x=20이고 라벨 8은 근거가 없다.
train-007119,"A jar of jellybeans has 14 blue jellybeans, 26 purple jellybeans and 40 orange jellybeans. If there are x jellybeans in the jar, how many are there of the red color?
If we know the answer to the above question is 120, what is the value of unknown variable x?",120,200,"마지막 질문은 x를 묻고 있으며 빨간색 120 + 기존 80 = 200이므로, 라벨 120은 앞 소문항의 답을 그대로 남긴 것이다."
train-007162,"A circle of radius X has center at $(2,0)$. A circle of radius $1$ has center at $(5,0)$.  A line is tangent to the two circles at points in the first quadrant.  What is the $y$-intercept of the line?
If we know the answer to the above question is 2\sqrt{2}, what is the value of unknown variable X?",3,2,y절편 2√2 접선은 기울기 -√2/4와 -7√2/12 둘뿐이고 두 접점이 모두 1사분면인 것은 전자로 X=2(후자는 X=10/11이며 접점 y<0)이다.
train-007193,"A company has 200 employees.  60% of the employees drive to work.  Of the employees who don't drive to work, half take public transportation. How many more employees drive to work than take public transportation?",40,80,"운전 120명, 대중교통 40명이므로 '얼마나 더 많은가'는 120-40=80이고 라벨 40은 원문제(대중교통 인원)의 답이 남은 것이다."
train-007195,"How many distinct arrangements of the letters in the word ""balloon"" are there, given it contains two 'l'?",2520,1260,"balloon은 l 2개와 o 2개가 중복이므로 7!/(2!2!)=1260이며, 2520은 o 중복을 빠뜨린 값이다."
train-007218,"Pat has a flower bed that is 111 feet long.  Pat wants to fill her flower bed with plants.  Pat's flowers grow 12 inches wide so she needs to leave 1.5 feet between every plant.  Pat already owns 17 flowers.  Each flowering plant costs $6 at the store,  how much money will Pat spend at the store to fill up her flower bed?",342,168,"45·1+44·1.5=111ft로 정확히 45포기가 들어가므로 (45-17)·$6=$168이고, 라벨 342는 문제가 명시한 12인치 폭을 무시한 111/1.5=74에서 나온 값이다."
train-007233,"A set of positive numbers has the triangle property if it has three distinct elements that are the lengths of the sides of a triangle whose area is positive. Consider sets $\{4, X, 6, \ldots, n\}$ of consecutive positive integers, all of whose ten-element subsets have the triangle property. The largest possible value of $n$ is 253. What is the value of unknown variable X?",14,5,"{4,X,6,…,n}이 연속 정수이므로 X=5이고, 실제로 4,5,9,14,23,37,60,97,157,254 피보나치형 사슬이 n=253을 정확히 재현한다(라벨 14는 사슬 원소일 뿐 X가 아님)."
train-007306,What is the 15th digit after the decimal point of the sum of the decimal equivalents for the fractions $\frac{1}{9}$ and $\frac{1}{11}$?,1,2,"1/9+1/11=20/99=0.202020…이므로 홀수 자리인 15번째 숫자는 2이고, 어떤 해석으로도 1이 나오지 않는다."
train-007340,Keesha wants to get her hair and nails done for prom.  Hair updos cost $50 and manicures cost $30. These two services will cost her 96 with a x% tip for each beautician. What is the value of unknown variable x? What is the value of unknown variable x?,16,20,"80(1+x/100)=96 → x=20이며, 16은 퍼센트가 아니라 팁 금액($16)이다."
train-007362,"A waiter had 13 customers. After some left, he got a certain number of new customers and still had 9 customers. If 8 customers left, how many new customers did he get?",12,4,"13-8+x=9 → x=4이고, 12는 13+8-9로 부호를 잘못 쓴 값이다."
train-007366,"For any number y, y* is defined as the greatest positive even integer less than or equal to y; given y = x^2 - 3x + 7, what is the value of 5.0 - y* for x = 5?",5,-11,"x=5일 때 y=17이고 17 이하 최대 양의 짝수는 16이므로 5.0-16=-11이며, 라벨 5를 정당화할 독법이 없다."
train-007445,"John has 15 marbles, including two red, two green, and two blue marbles. In how many ways can he choose 5 marbles if exactly two of the chosen marbles must be from the red, green, or blue marbles?",1008,1260,"특수 6개 중 정확히 2개(C(6,2)=15)×나머지 9개 중 3개(84)=1260이고, 라벨 1008은 '두 개가 서로 다른 색'이라는 문제에 없는 조건을 넣어야만 나온다."
train-007458,"Let point $F$ be the focus of the parabola $C: x^{2}=2py\left(p \gt 0\right)$. The line passing through point $F$ with a slope of $\sqrt{5}$ intersects $C$ at points $A$ and $B$ with $S_{\triangle AOB}=2\sqrt{6}$ (where $O$ is the origin).$(1)$ Find the equation of the parabola $C$;$(2)$ Through point $E(0,2)$, draw two lines $l_{1}$ and $l_{2}$ with slopes $k_{1}$ and $k_{2}$ respectively, intersecting the parabola $C$ at points $P$, $Q$ and $R$, $S$. Given that $|EP|\cdot |EQ|=|ER|\cdot |ES|$, is there a real number $\lambda$ such that $k_{1}+\lambda k_{2}$ is a constant value? If yes, find the value of $\lambda$; if not, explain why.",0,1,"p=2로 x²=4y이고 |EP||EQ|=8(1+k²)이므로 k2=-k1, 문제가 요구한 것은 상수값이 아니라 λ이며 λ=1(상수값 0)이다."
train-007467,"At Snowflake Plastics, each employee gets x sick days and 10 vacation days per year.  If Mark uses half his allotment of both types of days in a year, He has 80 hours' worth of days left if each day covers an 8-hour long workday. What is the value of unknown variable x? What is the value of unknown variable x?",80,10,"남은 일수 x/2+5=80/8=10 → x=10이며, 라벨 80은 원문제의 답(시간 수)을 그대로 옮긴 것이다."
train-007528,"If Logan's father received a delivery of 50 cartons for his milk business, with each carton containing 20 jars of milk, and there were 20 cartons missing from the delivery, with 3 jars in each of the 5 damaged cartons being damaged and one carton being totally damaged, how many jars of milk were still in good condition and available for sale that week?",568,565,"30카톤×20=600에서 5카톤×3=15와 전량 파손 1카톤 20을 빼면 565이며, 568은 전파손 카톤을 5카톤에 포함시키는 문면 모순 해석에서만 나온다."
train-007541,"Tom and Linda stand at point A. Linda begins to walk in a straight line away from Tom at a constant rate of 2 miles per hour. One hour later, Tom begins to jog in a straight line in the exact opposite direction at a constant rate of 7 miles per hour. If both Tom and Linda travel indefinitely, what is the positive difference, in minutes, between the amount of time it takes Tom to cover half of the distance that Linda has covered and the amount of time it takes Tom to cover twice the distance that Linda has covered?",36,70,"7t=(1/2)·2(t+1)→t=10분, 7t=2·2(t+1)→t=80분이라 차이는 70분이고, 36은 어떤 해석으로도 도출되지 않는다."
train-007564,John's grill messes up and burns half his steak.  He eats 80% of what isn't burned. He ate 12 ounces of steak. What is the value of unknown variable x?,60,30,"미지수 x는 원래 스테이크 무게이며 0.8×(x/2)=12에서 x=30, 60은 12가 아니라 24를 준다."
train-007624,"Sabrina went to the library and found a historical series novel called The Rangers Apprentice. There are 14 books in the series, and each book has 200 pages. She read some books in a month and half the number of books remaining in the second month. Sabrina has to read a total of 1000 pages to finish the whole series. How many books did she read in the first month?",7,4,"남은 1000쪽=5권이고 (14-b)/2=5 → b=4이며, b=7이면 남는 책이 3.5권(700쪽)이 되어 모순이다."
train-007695,"Janet buys some containers of cat litter for $21 each. If her cat litter box holds 15 pounds of cat litter, and she changes out the litter weekly, it will cost her $210 to buy enough litter to last 210 days. How many pounds of cat litter does each container hold?",3,45,"210일=30주×15lb=450lb, $210/$21=10통이므로 한 통은 45파운드다."
train-007719,Find the remainder when $5^{2023}$ is divided by $17$.,15,10,"5의 위수는 16이고 2023≡7 (mod 16), 5^7≡10 (mod 17)로 pow(5,2023,17)=10이다."
train-007799,"If $a$, $b$, and $c$ are distinct real numbers such that $\frac{a}{b - c} + \frac{b}{c - a} + \frac{c}{a - b} = 0$, what are all the possible values of $\frac{a}{(b - c)^2} + \frac{b}{(c - a)^2} + \frac{c}{(a - b)^2}$? Please enter all the possible values, separated by commas.",1,0,제약식 하에서 두 번째 식은 항등적으로 0임을 기호·수치로 확인했다(라벨 1은 어떤 읽기로도 나오지 않음).
train-007864,"If Susan has 4 candies left after buying 3 on Tuesday, 5 on Thursday, and 2 on Friday, how many candies did she consume during the week according to Dr. Harry?",10,6,"총 구매 10개에서 남은 4개를 빼면 소비량은 6이고, 라벨 10은 구매 총량이다."
train-007865,"Simplify and then evaluate the expression: $(2x+1)(x-2)-(2-x)^2$, where $x=-2$.",-8,-4,"식을 정리하면 x^2+x-6이고 x=-2 대입 시 4-2-6=-4로, 어떤 해석으로도 -8이 나오지 않는다."
train-007872,Compute the multiplicative inverse of $301$ modulo $401$. Express your answer as an integer from $0$ to $400$.,397,4,"301*4=1204≡1 (mod 401)이므로 역원은 4이고, 라벨 397은 -4에 해당해 301*397≡-1이다."
train-007885,Determine the value of $n$ that makes the equation $\frac{1}{n+2} + \frac{2}{n+2} + \frac{n}{n+2} = 2$ true.,2,-1,(1+2+n)/(n+2)=2 → n+3=2n+4 → n=-1이며 n=-1에서 분모도 0이 아니어서 유효하다.
train-007916,A tourist purchased a total of some travelers checks in $50 and $100 denominations. The total worth of the travelers checks is $1800. He can spend 6 checks of $50 denominations so that the average amount (arithmetic mean) of the remaining travelers checks is $62.5. How many travelers checks did the tourist purchase?,33,30,50x+100y=1800이고 남은 1500/62.5=24장이므로 총 30장(50달러 24장·100달러 6장)이 유일 해이며 33은 어떤 해석으로도 나오지 않는다.
train-007957,Some chess players take part in a tournament. Every player plays twice with each of his opponents. There are 42 games to be played. How many players are participating in the tournament?,-6,7,n(n-1)=42의 두 근 중 인원수는 양수 근 7이며 라벨 -6은 버려야 할 음수 근이다.
train-007980,"In an enhanced shooting match, ten clay targets are arranged with three columns, the first having four targets, the second having four targets, and the third having two targets. A marksman must break all the targets following these rules:
1) The marksman selects one column from which to break a target.
2) The marksman must break the lowest remaining target in the chosen column.
Determine the number of different orders in which the ten targets can be broken.",5040,3150,"열 위치 4,4,2의 순서 수는 10!/(4!4!2!)=3150이며 DP 전수 계산으로도 3150(라벨 5040=7!은 근거 없음)이다."
train-008015,Calculate the greatest common divisor of $7654321$ and $6789012$.,3,1,7654321=19*402859로 3의 배수가 아니며 유클리드 호제법 결과 gcd=1이다.
train-008021,How many factors of $120000$ are perfect squares?,30,12,120000=2^6·3·5^4이므로 완전제곱 약수는 4·1·3=12개(총 약수는 70개)로 30이 될 수 없다.
train-008023,"Consider a scenario where California issues license plates with a format of two letters followed by four digits and then one letter (e.g., AB1234C). Texas issues license plates where the first, third, and fifth positions are letters and the second, fourth, and sixth positions are digits (e.g., A1B2C3). Assuming all 10 digits and 26 letters are equally likely to appear in their respective positions, how many more license plates can California issue than Texas?",4553200000,158184000,"26^3*10^4-26^3*10^3=175760000-17576000=158184000이고, 라벨 4553200000은 26,10의 거듭제곱 조합 어느 것으로도 표현되지 않는다."
train-008117,"If an airplane started its flight from California to Virginia with 124 passengers and made a layover in Texas where 58 passengers got off and 24 got on, then flew to North Carolina where 47 people got off and 14 got on, and there were also 10 crew members onboard for the entire flight, how many people landed in Virginia?",43,67,"124-58+24-47+14=57명 승객에 승무원 10명을 더하면 67이고, 43은 텍사스에서 탑승한 24명을 누락해야만 나오는 값이라 어떤 합리적 해석으로도 방어되지 않는다."
train-008184,"Sarah is playing tic-tac-toe. She wins $1 for every game she wins, $0 for every game she ties, and she loses $2 for every game she loses. If she played x games where she tied 40 of them, and she lost $30, She won 30 games. What is the value of unknown variable x?",85,100,"승 30(+$30)이고 순손실 $30이면 30-2L=-30 → 패 30, x=30+40+30=100이며, 85는 승리금을 무시한 총손실 해석(그 경우 순수지 $0)이라 원문과 모순된다."
train-008288,What is the coefficient of $x^2$ when $3x^4 - 2x^3 + 4x^2 - 3x - 1$ is multiplied by $2x^3 - x^2 + 5x - 4$ and the terms are combined?,-31,-30,곱을 전개하면 x^2 계수는 4*(-4)+(-3)*5+(-1)*(-1)=-30이다.
train-008367,"Let \( h(x) = x^3 - x - 2 \). Suppose \( k \) is a cubic polynomial such that \( k(0) = 2 \), and the roots of \( k \) are the squares of the roots of \( h \). Find \( k(-8) \).",-20,326,"근의 제곱을 근으로 갖는 모닉 다항식은 y³−2y²+y−4이고 k(0)=2 → c=−1/2, k(−8)=−1/2·(−652)=326."
train-008369,What is the greatest number of Sundays that can occur in the first $53$ days of a year?,7,8,"53=7*7+4이므로 1일이 일요일이면 1,8,...,50일의 8번이 최대다(라벨 7은 49일 버전의 답)."
train-008404,"Janet employs six individuals, four of whom are warehouse workers earning $15 per hour, and the remaining two are managers earning $20 per hour. Janet is required to pay 10% of her workers' salaries in FICA taxes. Assuming everyone works 25 days a month for 8 hours each day, what is the total amount that Janet owes for their wages and taxes for one month?",2200,22000,"임금 4·15·200+2·20·200=20000, FICA 10%=2000이므로 총 22000이며 라벨 2200은 자릿수 누락이다."
train-008448,"Let $\mathbf{A} = \begin{pmatrix} 1 & X \\ 3 & 4 \end{pmatrix}$ and $\mathbf{B} = \begin{pmatrix} a & b \\ c & d \end{pmatrix}$ be two matrices such that $\mathbf{A} \mathbf{B} = \mathbf{B} \mathbf{A}.$  Assuming $3b \neq c,$ find $\frac{a - d}{c - 3b}. The answer is 1. What is the value of unknown variable X?",3,2,"AB=BA에서 a=d-c, 3b=Xc를 얻어 (a-d)/(c-3b)=1/(X-1)이므로 값이 1이려면 X=2다."
train-008449,"Find the maximum value of
\[ g(x) = 4x - x^4 \]
for \( 0 \leq x \leq \sqrt[4]{4} \).",4,3,"g'=4-4x^3=0에서 x=1, g(1)=3이고 끝점은 0과 4√2-4≈1.66이라 구간 최대는 3이다."
train-008454,Find the number of ways to distribute 4 pieces of candy to 12 children such that no two consecutive children receive candy.,105,126,"문제에 원형 배치 언급이 없어 일렬 기준 C(9,4)=126이며, 라벨 105는 명시되지 않은 원형(1번-12번 인접) 가정에서만 나온다."
train-008479,"Find the minimum value of the function 
\[
\frac{x^2}{y-2} + \frac{y^2}{x-2} 
\]
for real numbers \( x > 2 \) and \( y > 2 \).",12,16,수치 최적화·대칭점 x=y=4에서 최소값 16이 확인되고 12를 주는 읽기는 없다.
train-008514,"Students at Highridge High earn 2 points for each correct answer during a quiz bowl If a student correctly answers all the questions in a round, the student is awarded an additional 4 point bonus. They played a total of five rounds each consisting of five questions. If James only missed one question, how many points did he get?",66,64,"25문제 중 24문항 정답 48점 + 완벽한 4개 라운드 보너스 16점 = 64점이며, 66은 25문항 전부 정답(50점)과 보너스 4회를 동시에 가정한 모순된 계산이다."
train-008669,"A 1000 car parking lot is divided into 3 sections. There are 320 spaces in section 1, and x more in section 2 than in section 3. How many spaces are made available in section 2 of the parking lot?
If we know the answer to the above question is 440, what is the value of unknown variable x?",240,200,2구역 440이면 3구역은 1000-320-440=240이고 묻는 x는 440-240=200인데 라벨은 3구역 값 240을 적었다.
train-008677,Find the mean of all solutions for the equation $x^4 + 4x^3 - 11x^2 - 20x = 0$.,0,-1,"x(x^3+4x^2-11x-20)=0의 네 근이 모두 실근이고 합이 -4이므로 평균은 -1이며, 0은 어떤 해석으로도 성립하지 않는다."
train-008707,"For how many $n=3,4,5,\ldots,99,100$ is the base-$n$ number $243217_n$ a multiple of $5$?",19,0,2n^5+4n^4+3n^3+2n^2+n+7는 mod 5가 항상 2 또는 4라 3~100의 어떤 n에서도 5의 배수가 되지 않으므로 정답은 0이다.
train-008727,"If Yolanda scored a total of 345 points over the entire season, playing 15 games in total, and averaged 4 free throws (worth one point) and 5 two-point baskets per game, how many three-point baskets did she average per game?",9,3,"경기당 23점 - 4 - 10 = 9점이 3점슛 득점이므로 3점슛 '개수'는 9/3 = 3개이고, 라벨 9는 개수가 아니라 득점이다."
train-008892,"If Tamtam collected a total of 65 shells, including 13 purple shells, 8 pink shells, 18 yellow shells, and 12 blue shells, how many orange shells are there in total?",24,14,13+8+18+12=51이므로 주황색은 65-51=14다.
train-008901,Calculate the sum of the series $2 + 4 + 8 + \cdots + 8192$.,8190,16382,2+4+…+8192=2^14-2=16382이며 라벨 8190은 4096까지 더한 값이다.
train-008922,"Two points $A(x_1, y_1)$ and $B(x_2, y_2)$ are chosen on the graph of $f(x) = \sqrt{x}$, with $0 < x_1 < x_2$. The points $C$ and $D$ trisect $\overline{AB}$, with $AC < CD$. Through $C$ a horizontal line is drawn to cut the curve again at $E(x_3, y_3)$. Find $x_3$ if $x_1 = 1$ and $x_2 = 16$.",9,4,"삼등분점 중 A에 가까운 C=(6,2)를 지나는 수평선 y=2가 √x와 만나는 점은 x=4이며, 라벨 9는 먼 쪽 점 D=(11,3)를 쓴 값이다."
train-008935,"For a 3-digit number n, log 3 n + log 9 n is a whole number. What is the value of n when log 9 n is also a whole number?",9,729,"log_9 n이 정수인 세 자리 수는 n=9^3=729뿐이고, 라벨 9는 문제가 묻는 n이 아니라 log_3 n+log_9 n=6+3=9의 값이다."
train-008951,"What is the value of $2^x$ in the given system of equations?

\begin{align*}
2^x+3^y&=5,\\
2^{x+2}+3^{y+1} &=18.
\end{align*}",2,3,"a=2^x,b=3^y로 두면 a+b=5, 4a+3b=18에서 a=3이므로 2^x=3이고, 2^x=2는 두 번째 식(17≠18)을 만족하지 못한다."
train-008976,"Let $P=(1,2),$ $Q=(3,6),$ $R=(6,3),$ and $S=(8,1).$ A quadrilateral is formed by connecting $P$ to $Q$, $Q$ to $R$, $R$ to $S$, and $S$ to $P.$ Find the perimeter of $PQRS$, expressed in the form $c\sqrt{2}+d\sqrt{10}$, and find the sum $c+d$ where $c$ and $d$ are integers.",11,12,둘레는 2√5+3√2+2√2+5√2=10√2+2√5이므로 (√10을 √5 오타로 보든 √20을 2√10로 보든) c+d=10+2=12이고 11은 어떤 조합으로도 나오지 않는다.
train-008979,"A certain collection of numbered indexed cards includes one card with a X written on it, two cards with a 2, and so forth up to $n$ cards showing an $n,$ for some positive integer $n$.  Determine $n,$ if the average value of a card in this collection is 2017.
If we know the answer to the above question is 3025, what is the value of unknown variable X?",3025,1,"n=3025일 때 장수 4,576,825·제곱합으로 계산하면 X=1이 정확히 나오고, 3025는 앞 문제의 답 n을 그대로 옮긴 것이다."
train-009101,"Alice's father gave her 10 identical candies and 3 identical boxes. How many ways are there for her to distribute all of the candies among the boxes, if only the number of candies in each box matters?",66,14,"문제가 '동일한 상자 3개'라고 명시하므로 10을 최대 3부분으로 나누는 분할 수 14가 맞고, 66은 상자를 구별했을 때(C(12,2))의 값이다."
train-009188,"Prejean's speed in a race was three-quarters that of Rickey. If they both took a total of 70 minutes to run the race, calculate the total number of minutes that Rickey took to finish the race.",40,30,"같은 거리에서 속도가 3/4이면 시간은 4/3배이므로 t+(4/3)t=70 → Rickey는 30분이고, 40은 속도비를 시간비로 잘못 적용한 값이다."
train-009204,Miyoung has 27 cube-shaped boxes with 3 centimeters (cm) edges. These boxes were stacked to form a large cube again. Find the surface area of the large cube.,6,486,"모서리 3cm 정육면체 27개는 한 변 9cm 큰 정육면체가 되어 겉넓이는 6×81=486 cm²이고, 라벨 6은 면의 개수일 뿐이다."
train-009252,"In a right triangle with a side length of 21 inches and a hypotenuse of 29 inches, there is a second triangle that is similar and has a hypotenuse of 87 inches. What is the length of the smaller side of the second triangle?",63,60,다른 변은 √(29²−21²)=20이고 닮음비 87/29=3이므로 두 번째 삼각형의 세 변은 60·63·87 — 가장 작은 변은 60이며 라벨 63은 주어진 변 21의 대응변일 뿐이다.
train-009299,"Eleanor is making chocolate chip cookies for her friends. If she divides the cookies equally among $13$ of her friends, she'll have $3$ cookies left over. If she divides the cookies equally among $8$ of her friends, she'll have $5$ cookies left over. Assuming that Eleanor made fewer than $120$ cookies, what is the sum of the possible numbers of cookies that she could have made?",0,29,"n≡3(mod 13), n≡5(mod 8), n<120을 만족하는 값은 29뿐이므로 합은 29이다."
train-009350,"The product
$$\left(\frac{1+1}{1^2+1}+\frac{1}{4}\right)\left(\frac{2+1}{2^2+1}+\frac{1}{4}\right)\left(\frac{3+1}{3^2+1}+\frac{1}{4}\right)\cdots\left(\frac{2022+1}{2022^2+1}+\frac{1}{4}\right)$$
can be written as $\frac{q}{2^r\cdot s}$, where $r$ is a positive integer, and $q$ and $s$ are relatively prime odd positive integers. Find $s$.
",5,1,곱을 Fraction으로 정확히 계산하면 기약분모가 2^4044(2023²+1이 5로 나누어져 5가 약분됨)이므로 s=1이다.
train-009363,"Charlie owns a flute, two horns, a harp, and a set of drums which consist of 5 individual pieces. Carli owns twice as many flutes as Charlie, half as many horns as Charlie, three times the number of drum pieces Charlie has, but no harps. Nick, their friend, owns as many flutes as Charlie and Carli combined, horns equal to the difference of the number of horns that Charlie and Carli have, and four times the total drum pieces that Charlie and Carli have in their sets, but he doesn't own a harp. How many total musical instruments do they own altogether?",19,111,"Charlie 9(플루트1+호른2+하프1+드럼5), Carli 18(2+1+15), Nick 84(3+1+80)로 합계 111이며 19가 되는 셈법이 없다."
train-009382,"A line through the points $(3, -6)$ and $(k, 24)$ is parallel to the line $4x + 6y = 18$. What is the value of $k$?",42,-42,기울기 -2/3이므로 30/(k-3)=-2/3 → k=-42이고 부호가 반대다.
train-009390,"If the regular ticket for a movie costs $9 and the ticket for children is $2 less, and a family consisting of 2 adults gave the cashier two $20 bills and received $1 change, how many children are there in the family?",7,3,"지불액 39달러 − 성인 2×9=18 → 21달러, 아동권 7달러이므로 아이는 3명이다."
train-009453,"Example: How many zeros are at the end of the decimal representation of 320! ?

Translate the above text into English, please retain the original text's line breaks and format, and output the translation result directly.",4,78,320!의 5-지수는 64+12+2=78이므로 끝자리 0은 78개다.
train-009470,"The positive four-digit integers that use each of the four digits $5,$ $6,$ $7,$ and $8$ exactly once are ordered from least to greatest. What is the $20^{\text{th}}$ integer in the list?",5687,8576,"5,6,7,8의 24개 순열을 오름차순 정렬하면 20번째는 8576이고 라벨 5687은 2번째 수다."
train-009485,"Define a function $f$ as follows: $f(1)=2$, $f(2)=3$, and for all integers $n \geq 3$,
\[f(n)=f(n-1)+f(n-2)+(2n).\]
Calculate $f(10)$.",69,626,"점화식을 전개하면 f(3..10)=11,22,43,77,134,227,379,626으로 f(10)=626이다."
train-009492,The imaginary part of the complex number $$z= \frac {2}{1+i}$$ is __________.,1,-1,z=2/(1+i)=1−i이므로 허부는 −1이다(라벨 1은 2/(1−i) 변형의 답).
train-009550,"5. Given $n=a b c<10000(a, b, c$ are all prime numbers), and $2 a+3 b=c, 4 a+c+1=4 b$. Then the value of $n$ is $\qquad$ .",1418,1118,"전수 탐색 결과 (a,b,c)=(2,13,43)가 유일해이며 n=1118<10000이다."
train-009606,"After consuming 90% of one bottle and giving 70% of the remaining two bottles to his friends, what percentage of a bottle does Danny have left in terms of soda?",63,70,"""나머지 두 병의 70%""를 준 것이므로 남은 양은 0.1+0.3*2=0.7병(70%)이고, 라벨 63은 남은 소다 전체 2.1병의 30%를 계산한 값이라 문장의 '두 병'과 맞지 않는다."
train-009648,"Yella's computer usage last week was x hours. If she plans to use the computer 8 hours a day for this week, Her computer usage for this week is 35 less. What is the value of unknown variable x? What is the value of unknown variable x?",21,91,이번 주 8×7=56시간이 x보다 35 적으므로 x=91이다.
train-009653,How many three-digit numbers satisfy the property that the middle digit is half of the sum of the first and the last digits?,20,45,2b=a+c 조건은 a·c의 홀짝이 같으면 항상 b≤9를 만족하므로 홀수a 5×홀수c 5 + 짝수a 4×짝수c 5 = 45개다.
train-009659,"Daryl is responsible for loading crates at a warehouse and wants to ensure that they are not overloaded. Each crate has a weight limit of 20kg, and he has a total of 15 crates to fill. However, he has 4 bags of nails weighing 5kg each, 12 bags of hammers weighing 5kg each, and 10 bags of wooden planks weighing 30kg each (which can be divided). Realizing that he has exceeded the weight limit, Daryl needs to leave some items out of the crates. How much weight, in kg, does Daryl need to exclude from the crates?",26,80,"총 무게 20+60+300=380kg, 적재 한도 15×20=300kg이므로 제외할 무게는 80kg이다."
train-009680,Find the mean of all solutions for \( x \) when \( x^4 + 4x^3 - 21x^2 - 10x + 24 = 0 \).,0,-1,근 4개의 합이 -4(비에트)이므로 평균은 정확히 -1이며 수치 근 계산으로도 확인됨.
train-009687,"If Michael currently has 4 packs of crayons and wants to buy 2 more at a cost of $2.5 per pack, what is the total value of all the packs of crayons that Michael will have after the purchase?",6,15,"질문은 '총 가치'를 묻는데 라벨 6은 팩 개수이며, 6팩×$2.5=$15가 맞다."
train-009711,"Mitch made 20 macarons. Joshua made some more macarons than Mitch but half as many macarons as Miles. Renz made 1 fewer than 3/4 as many macarons as Miles. They combined their macarons and gave them to 68 kids on the street, with each kid receiving 2 macarons. How many more macarons did Joshua make than Mitch?",27,6,"총합 136에서 Miles=52, Joshua=26, Renz=38이 유일해이므로 Joshua−Mitch=26−20=6이다."
train-009810,"Kimiko is retiling her kitchen floor. Each tile is 6 square inches. If her kitchen is 48 inches by 72 inches, how many tiles does Kimiko need to buy?",96,576,"타일 면적이 '6 square inches'로 명시되어 3456/6=576이며, 라벨 96은 6인치 정사각(36제곱인치)로 오독한 값이다."
train-009859,"Form a five-digit number without repeating digits using the numbers \\(0\\), \\(1\\), \\(2\\), \\(3\\), and \\(4\\). How many of these numbers are odd?",192,36,"끝자리 1·3 (2가지)×첫자리 0 제외 3가지×나머지 3!=6 → 36개이며, 전체 5자리 수 96개 중 홀수는 36개다."
train-009870,"What is GCF(LCM(16, 21), LCM(14, 18))?",14,42,"LCM(16,21)=336, LCM(14,18)=126, GCF(336,126)=42로 계산이 일의적이다."
train-009915,Brad has a cylindrical barrel with a radius of 12 inches and a height of 40 inches. He wants to fill it from a well using a bucket in the shape of a full sphere with a radius of 8 inches. How many trips must Brad make to the well to fill the barrel?,3,9,"5760π ÷ (2048π/3)=8.4375이므로 9번이며, 라벨 3은 어떤 해석으로도 나오지 않는다."
train-010001,Two integers have their greatest common divisor and least common multiple such that their product is 180. How many different values could be the greatest common divisor of these integers?,9,4,"gcd·lcm=ab=180이므로 d²|180 → d∈{1,2,3,6}로 4개이며, 라벨 9는 180의 약수쌍 개수(18/2)를 센 값이다."
train-010025,A basketball team won 35 out of the x games that they have played. They still have 25 games left to play for the season. They must win 13 of the remaining games so that their percentage of wins in the entire season is 64%. What is the value of unknown variable x? What is the value of unknown variable x?,75,50,"(35+13)/(x+25)=0.64에서 x+25=75, x=50이며 라벨 75는 시즌 총 경기수이지 묻는 x가 아니다."
train-010035,A hypercube (4-dimensional cube) has 16 vertices and 32 edges. A segment joining two vertices not joined by an edge is called a diagonal. How many diagonals does a hypercube have?,408,88,"전체 선분 C(16,2)=120에서 모서리 32를 빼면 88이고, 408은 120을 초과하므로 어떤 해석으로도 불가능하다."
train-010069,"A 26-mile circular marathon has four checkpoints inside it. The first is one mile from the start line, and the last checkpoint is one mile from the finish line. The checkpoints have equal spacing between them. How many miles apart are each of the consecutive checkpoints between the start-finish line?",6,8,"원형 코스에서 체크포인트는 1마일과 25마일 지점이고 4개 사이 간격은 3개이므로 (25-1)/3=8이며, 6은 간격을 4개로 잘못 센 값(그러면 마지막 지점이 19가 되어 '결승 1마일 전'과 모순)이다."
train-010104,Calculate the sixth element in Row 20 of Pascal's triangle.,7752,15504,"7752는 어떤 이항계수 C(n,k)와도 일치하지 않아 파스칼 삼각형의 원소 자체가 될 수 없고, 표준 관례(0-인덱스 행·1-인덱스 원소)로 20행 6번째 원소는 C(20,5)=15504다."
train-010105,"A regional environmental agency extends its monitoring responsibilities and now needs new employees to cover three areas: water pollution, air pollution, and soil pollution. They need 115 new employees for water pollution, 92 for air pollution, and 60 for soil pollution. However, 32 of these new employees should be able to monitor both water and air pollution, 20 both air and soil pollution, and 10 both soil and water pollution. Additionally, 5 employees should be able to monitor all three areas. What is the minimum number of employees that need to be hired?",225,210,"포함-배제로 267−(32+20+10)+5=210이고, 쌍 교집합을 '정확히 둘'로 읽어도 195라 225는 어떤 해석에서도 나오지 않는다."
train-010114,"Mrs. Lim milks her cows twice a day. Yesterday morning, she got 68 gallons of milk and in the evening, she got 82 gallons. This morning, she got x gallons fewer than she had yesterday morning. After selling some gallons of milk in the afternoon, Mrs. Lim has only 24 gallons left. How much was her revenue for the milk if each gallon costs $3.50?
If we know the answer to the above question is 616, what is the value of unknown variable x?",26,18,"3.5×(68+82+(68−x)−24)=616 → x=18이며, x=26이면 매출이 588로 616이 되지 않는다."
train-010128,Charles bought 20 papers to draw. Today Charles drew 6 pictures. Yesterday he drew x pictures before going to work and some pictures when he came back. Charles drew 6 pictures when he came back from work knowing that he has 2 papers left. What is the value of unknown variable x? What is the value of unknown variable x?,0,6,종이 20장 중 2장 남았으므로 그린 그림은 18장이고 6+x+6=18에서 x=6이다.
train-010134,"10 play kabadi, 30 play kho kho only, and 5 play both games. How many players are there in total?",35,40,"""kho kho only 30""이 명시되어 카바디 10(둘 다 5 포함)+30=40이며, 35는 30을 kho kho 전체로 오해해 5를 중복 차감한 값이다."
train-010137,For how many integer values of \( n \) between 1 and 1000 inclusive does the decimal representation of \( \frac{n}{2520} \) terminate?,1,15,2520=2^3·3^2·5·7이라 63|n일 때만 유한소수이고 1~1000에 63의 배수는 15개다.
train-010274,"We define a number as a valley number if its middle digit is smaller than any other digit. For example, 218 is a valley number. How many 3-digit valley numbers are there?",240,285,"정의(가운데 자리가 다른 두 자리보다 작음)대로 전수 세면 285이며, 240은 자릿수 상이 조건이나 mountain number 문제의 답이다."
train-010277,"Let \(x,\) \(y,\) and \(z\) be nonnegative real numbers such that \(x + y + z = 2.\) Find the maximum value of \(x + y^3 + z^4.\)",2,16,각 항이 증가·볼록이라 한 변수에 몰아주는 것이 최적이며 z=2일 때 z⁴=16으로 최대(격자 탐색으로도 16 확인)이다.
train-010285,"Claire divides her cookies into groups of 6, having 5 remaining, and when divided into groups of 8, she has 7 remaining. If Claire has fewer than 100 cookies, what is the sum of all possible quantities of cookies she could have?",212,236,"n≡5(mod 6), n≡7(mod 8)은 n≡23(mod 24)이므로 100 미만 값은 23,47,71,95이고 합은 236이다."
train-010389,"A certain number of bees hatch from the queen's eggs every day. If a queen loses 900 bees every day, at the end of 7 days, the total number of bees in the hive (including the queen) is 27201, given that the queen had 12500 bees at the beginning. How many bees hatch from the queen's eggs every day?",3001,3000,"12500+7(h−900)+여왕1=27201 → h=3000 정확히 떨어지고, 3001은 어떤 계산(여왕 포함/제외 모두)으로도 27201을 만들지 못한다."
train-010415,"in a covering a distance of 30 km , abhay takes 2 hours more than sameer . if abhay double his speed , then he would take 1 hour less than sammer . abhay ' s speed is ?",10,5,"30/a=30/s+2, 30/(2a)=30/s-1 → 15/a=3 → 아바이 속도 5km/h(10은 두 배 속도)."
train-010417,The average of two 3-digit positive integers is equal to the decimal number obtained by writing one of the three-digit integers before the decimal point and the other three-digit integer after the decimal point. What is the smaller of the two integers?,999,499,"(a+b)/2=a+b/1000 → 499b=500a의 유일한 세 자리 해는 (499,500)이며 평균 499.5=""499.500""이므로 작은 수는 499다."
train-010472,James turned 23 the same time John turned 35.  Tim is 5 years less than twice John's age.  If Tim is 79 how old is James?,25,30,"Tim=2·John−5=79 → John=42, 7년 경과이므로 James=23+7=30 (나이차 12 고정)."
train-010497,Convert $235_{10}$ to base 2. Let $x$ be the number of zeros and $y$ be the number of ones in the binary representation. Calculate the value of $2y - 3x.$,11,6,235=11101011₂로 1이 6개·0이 2개 → 2·6−3·2=6.
train-010503,"In the expansion of $\left( \frac{x}{2} - \frac{2}{x} \right)^{5}$, find the coefficient of $\frac{1}{x}$ .",-40,-20,"k=3항 C(5,3)(1/2)^2(−2)^3=−20이 1/x 계수이고, +40은 1/x^3 계수라 −40은 어떤 해석으로도 나오지 않는다."
train-010510,Two trains of equal length are running on parallel lines in the same direction at 46 km/hr and another speed. The faster train catches and completely passes the slower train in 45 seconds. The length of each train is 62.5 meters. What is the speed of the slower train in km/hr?,37,36,"상대이동거리 125m/45s=10km/h → 46−10=36이며, 37이면 길이가 56.25m여야 해 주어진 62.5m와 모순이다."
train-010511,"Calculate how many terms are in the simplified expression of \[(x+y+z)^{2010} + (x-y-z)^{2010}\] where in each term $x^a y^b z^c$, $a$ is even, and $b, c$ must be either both odd or both even, with $a+b+c=2010$.",1011030,1012036,"a+b+c=2010이라 b+c 짝수 ⟺ a 짝수이고, 살아남는 항 수는 Σ_{a짝수}(2011-a)=1006²=1012036 (n=2,4,6 브루트포스로 공식 검증)이며 1011030=1005·1006은 어떤 해석으로도 나오지 않는다."
train-010613,What is the largest number with a certain number of digits that is exactly divisible by 72? The answer is 9936. How many digits does this number have?,9936,4,"실제 질문은 마지막 문장 ""몇 자리 수인가""이고 9936은 앞 문장에 이미 주어진 값이므로 답은 자릿수 4다."
train-010683,"The arithmetic progressions $\{3, 7, 11, 15, \ldots\}$ and $\{5, 12, 19, 26, \ldots \}$ have some common values. What is the largest value less than 1000 that they have in common?",989,999,"공통항은 x≡3(mod 4), x≡5(mod 7) ⟹ x≡19(mod 28)이고 1000 미만 최대는 999이며, 989는 mod 4=1이라 첫 수열에조차 속하지 않는다."
train-010725,"The digit 7 does not occur in 1000. So we have to count the number of times it appears between 1 and 999. Any number between 1 and 999 can be expressed in the form of xyz where 0 < x, y, z < 9. How many times does the digit 7 appear between 1 and 999?",280,300,"1~999에서 숫자 7의 출현 횟수는 300이며, 280은 1~899(900 미만) 구간 값이라 문제 범위와 맞지 않는다."
train-010742,"Tim has to go to the doctor for a sporting injury.  He gets an MRI which costs $1200.  The doctor needs to examine it for 30 minutes and charges $300 per hour.  There is also a $x fee just for being seen.  Insurance covered 80% how much did he pay?
If we know the answer to the above question is 300, what is the value of unknown variable x?",30,150,"진찰료까지 포함해 80% 보전이면 0.2*(1200+150+x)=300 → x=150이며, 30은 진찰료만 보험 제외로 보는 비표준 해석에서만 나온다."
train-010792,"Mama bird has 6 babies in the nest.  She needs to feed each baby 3 worms a day.  Papa bird caught 9 worms. If she caught 13 worms and had x stolen, how many more does she need to catch to feed them for 3 days?
If we know the answer to the above question is 34, what is the value of unknown variable x?",7,2,"3일치 54마리 필요, 보유 9+13-x이므로 54-(22-x)=34에서 x=2다."
train-010804,Evaluate the expression: 11 + sqrt ( - 4 + 6 × 4 ÷ some number ). The result is 13. What is the missing number?,4,3,"문제가 가린 자리는 나눗수이므로 -4+24/n=4 → n=3이고, 라벨 4는 곱해지는 수(6×?÷3)를 가렸을 때의 답이다."
train-010812,"If $a$ and $b$ are both positive integers and $b > 1$, what is the sum of $a$ and $b$ when $a^b$ is the largest possible value less than 399?",10,21,"399 미만 최대 거듭제곱은 19^2=361이라 a+b=21이며, 라벨 10은 2^8=256(최대가 아님)에 대응한다."
train-010814,"If Delaney needs to catch a bus that departs at 8:00 a.m. for school every day, and it takes him 30 minutes to reach the pick-up point from his home, how much time did he miss the bus by when he arrived at the pick-up point after leaving his home at 7:50?",10,20,"7:50 출발+30분=8:20 도착이라 8:00 버스를 20분 차이로 놓쳤고, 10은 출발시각과 버스시각의 간격일 뿐이다."
train-010822,"The income and expenditure of a person are in the ratio 5 : 4, and his income is Rs. 17000. He also pays taxes, which are 15% of his income, and allocates 10% of his income to investments. Given these factors, calculate his total savings.",900,-850,17000-13600-2550-1700=-850이고 900은 어떤 조합·해석으로도 도출되지 않는다.
train-010842,"We define two sequences of vectors $(\mathbf{v}_n)$ and $(\mathbf{w}_n)$ as follows: First, $\mathbf{v}_0 = \begin{pmatrix} 1 \\ 3 \end{pmatrix},$ $\mathbf{w}_0 = \begin{pmatrix} 4 \\ 0 \end{pmatrix}.$  Then for all $n \ge X $\mathbf{v}_n$ is the projection of $\mathbf{w}_{n - 1}$ onto $\mathbf{v}_0,$ and $\mathbf{w}_n$ is the projection of $\mathbf{v}_n$ onto $\mathbf{w}_0.$  Find
\[\mathbf{v}_1 + \mathbf{v}_2 + \mathbf{v}_3 + \dotsb.\]
If we know the answer to the above question is \begin{pmatrix}4/9\4/3\end{pmatrix}, what is the value of unknown variable X?",2,1,"주어진 합 (4/9,4/3)은 v_1=(2/5,6/5)부터 더해야 나오므로 재귀 시작은 n≥1, 즉 X=1이다."
train-010857,"Let $G$ be the centroid of triangle $ABC$, where $\angle BAC = 90^\circ$. If $GA^2 + GB^2 + GC^2 = 72$, find $AB^2 + AC^2 + BC^2$.",108,216,"GA^2+GB^2+GC^2=(AB^2+AC^2+BC^2)/3 이므로 합은 3*72=216이고, 108은 직각 조건으로 얻는 BC^2 값이다."
train-010903,"a monkey ascends a greased pole 10 meters high . he ascends 2 meters in the first minute and then slips down 1 meter in the alternate minute . if this pattern continues until he climbs the pole , in how many minutes would he reach at the top of the pole ?",19,17,"16분 후 8m이고 17분째 2m를 올라 정확히 10m 꼭대기에 닿으므로 17분이며, 19는 9m/18분 후 초과 상승으로 세는 과다 계산이다."
train-010950,What is the coefficient of $x^4$ in the expansion of $(3x+2)^6$?,2160,4860,"(3x+2)^6의 x^4 계수는 C(6,4)*3^4*2^2=4860이며, 라벨 2160은 계수를 뒤바꾼 (2x+3)^6의 값이다."
train-010952,"In the 8th grade, there are 30 students in the French class, 25 students in the Spanish class, and 20 students in the German class. There are 10 students taking both French and Spanish, 7 students taking both French and German, and 5 students taking both Spanish and German. Additionally, there are 4 students taking all three languages. If every student in the 8th grade is enrolled in at least one of the three language classes, how many students are taking only one of the language classes?",45,43,"전체 57명, 정확히 두 과목 10명, 세 과목 4명이므로 한 과목만 듣는 학생은 43명이고, 45는 다른 해석에서의 전체 인원일 뿐 물음의 답이 아니다."
train-010994,"The function \( g \), defined on the set of ordered pairs of positive integers, satisfies the following properties:
\[
\begin{align*}
g(x,x) &= x^2, \\
g(x,y) &= g(y,x), \quad \text{and} \\
(x + y) g(x,y) &= y g(x, x + y).
\end{align*}
\]
Calculate \( g(15,45) \).",1350,675,"함수방정식이 g(x,y)=xy로 유일하게 결정되므로 g(15,45)=675이고 라벨 1350은 정확히 2배다."
train-011095,"Let $m$ be the smallest positive, three-digit integer congruent to 7 (mod 13). Let $n$ be the smallest positive, four-digit integer congruent to 7 (mod 13). What is $n-m$?",895,897,"m=111, n=1008이므로 n-m=897이다."
train-011103,"There are 3 searchlights on top of the watch-tower, each making a different number of revolutions per minute: Searchlight A makes 3 revolutions, Searchlight B makes 4 revolutions, and Searchlight C makes 5 revolutions. What is the probability that a man appearing near the tower will stay in the dark for at least 15 seconds considering all searchlights?",15,0,"탐조등 B의 주기가 정확히 15초, C는 12초여서 15초 이상 어둠에 머물 확률은 정확히 0이며 라벨 15는 문제 속 '15초'를 그대로 옮긴 값이다."
train-011112,"At the gym, every day, there are 300 towels laid out for guest use.  Each guest is given 1 towel during their visit.  The gym is open from 10:00 a.m. to 2:00 p.m. In the first hour, 50 guests enter the gym.  In the second hour, 20% more guests enter than during the first hour.  In the third hour, 25% more guests enter than in the second hour.  In the fourth hour, x third more guests enter than in the third hour.  In total, how many towels do they need to wash that evening?
If we know the answer to the above question is 285, what is the value of unknown variable x?",25,1,"네 번째 시간 인원은 285-185=100이고 75*(1+x/3)=100에서 x=1이며, 라벨 25는 x가 세 번째 시간 퍼센트 자리에 있던 다른 변형의 값이다."
train-011138,"Given a parabola C: \(y^2=2px\) (\(p>0\)) with a focus at the coordinates (1, 0).
1. Find the standard equation of the parabola;
2. If the line \(l: y=x-1\) intersects the parabola C at points A and B, find the chord length \(|AB|\).",4,8,"p=2로 y^2=4x, x^2-6x+1=0에서 |AB|=x1+x2+2=8이며, 라벨 4는 1번 소문항 방정식의 계수를 잘못 취한 값이다."
train-011188,"Milly is making croissants. She needs to fold the dough 4 times, which takes 5 minutes each time, then let it rest for x minutes each time. If mixing the ingredients takes 10 minutes and baking the croissants takes 30 minutes, The whole process takes 6 hours. What is the value of unknown variable x? What is the value of unknown variable x?",100,75,"4×5+4x+10+30=360 → x=75이며, 라벨 100은 휴지 3회를 가정해야만 나온다."
train-011202,"A $\frac{1}{1004}$-array is structured similarly to the $\frac{1}{2008}$-array but with $p = 1004$. If the sum of all terms in this $\frac{1}{1004}$-array can be expressed as $\frac{m}{n}$ where $m$ and $n$ are coprime integers, find the remainder when $m+n$ is divided by $1004$.",0,1,"합 2p^2/((2p-1)(p-1))에서 p=1004면 m/n=2016032/2013021(기약), (m+n) mod 1004 = 1이며 배열 정의의 어떤 변형(p^2/(p-1)^2 포함)도 1을 주므로 0은 방어 불가."
train-011210,Andy gets a cavity for every 4 candy canes he eats. He gets 2 candy canes from his parents and 3 candy canes each from 4 teachers. Then he uses his allowance to buy 1/7 as many candy canes as he was given. How many cavities does he get from eating all his candy canes?,16,4,"받은 사탕 2+12=14, 구매 2, 합 16개지만 질문은 충치 수이므로 16/4=4이고 라벨 16은 중간값이다."
train-011217,"The government donated tons of sand to four Cities. City A received 16 1/2 tons of sand, City B received x tons of sand, and City C received 24 1/2 tons of sand. The supplier lost the data for City D; however, they know the total for all four cities was 95 tons. How many tons of sand did City D receive?
If we know the answer to the above question is 28, what is the value of unknown variable x?",27,26,95−16.5−24.5−28=26이므로 x=26이고 27은 어떤 읽기로도 나오지 않는다.
train-011290,"Rick took off on a road trip for the summer.  He traveled to the first destination on his trip, and then from there, he traveled twice the distance to this second destination.  The third point on his trip was 40 miles away, which was half the distance he traveled from the beginning to his first destination.  The final destination took twice the amount of driving of all the other legs put together.  How many miles in total did he travel across all the legs of the trip?",560,840,"첫 구간 80·둘째 160·셋째 40의 합 280, 마지막 구간 560이므로 전체 이동거리는 840이고 라벨 560은 마지막 구간만이다."
train-011308,"Find a unit vector that is orthogonal to both $\begin{pmatrix} X \\ 1 \\ 0 \end{pmatrix}$ and $\begin{pmatrix} 1 \\ 0 \\ 2 \end{pmatrix}.$
If we know the answer to the above question is \begin{pmatrix}-2/3\2/3\1/3\end{pmatrix}, what is the value of unknown variable X?",-1,1,"직교 조건 (X,1,0)·(-2/3,2/3,1/3)=(-2X+2)/3=0에서 X=1이고, X=-1이면 단위법벡터가 (2/3,2/3,-1/3)로 주어진 답과 다르다."
train-011384,James has x dozen boxes of matches.  Each box contains 20 matches. James has 1200 matches. What is the value of unknown variable x?,60,5,1200/20=60상자인데 x는 '다스' 단위이므로 60/12=5이고 라벨 60은 상자 수다.
train-011415,"For how many values of the digit $A$ is it true that $84$ is divisible by $A$ and $273{,}1A2$ is divisible by $8$?",2,1,"A|84 → {1,2,3,4,6,7}, 1A2가 8의 배수 → {1,5,9}, 교집합은 {1}뿐이라 값은 1개다."
train-011438,What is the 250th term of the increasing sequence of positive integers formed by omitting all the perfect squares?,265,266,1도 완전제곱이므로 266 이하 비제곱수가 266-16=250개이고 266 자신이 비제곱수 → 250번째 항은 266(265는 249번째).
train-011522,"Machine P and Machine Q are each used to manufacture 110 sprockets. It takes Machine P some hours longer to produce 110 sprockets than Machine Q. Machine Q produces 10% more sprockets per hour than Machine A, which produces 1.0000000000000013 sprockets per hour. How many hours longer does it take Machine P to produce 110 sprockets than Machine Q?",110,10,"원문에서 Machine A가 곧 P이므로 P=110/1=110시간, Q=110/1.1=100시간이고 문제가 묻는 시간 '차이'는 10이며 110은 P의 소요시간(및 생산량)일 뿐이다."
train-011543,"Steven is preparing a shipment of boxes to deliver to a customer for his chemical supply business. The products are very delicate and must be carefully packed, so partially filled boxes can’t be shipped. Steven has x trucks that can be sent on each delivery. Each truck can carry a load of no more than 2,000 pounds of cargo. Some of the boxes weigh 10 pounds after being packed, and some of the boxes weigh 40 pounds when packed. Steven’s customer has ordered equal quantities of both the lighter and heavier products. How many boxes of products can Steven ship to his customer in each delivery?
If we know the answer to the above question is 240, what is the value of unknown variable x?",6,3,240상자=10lb 120개+40lb 120개=6000lb이고 트럭당 2000lb이므로 x=3이다.
train-011550,"If you double a number and add 5 to the result, then that's 20 more than half of the original number. What's the original number?",4,10,2x+5=x/2+20 → x=10이며 x=4는 어떤 해석으로도 식을 만족하지 않는다.
train-011697,"The graphs of a function f(x) = 3x + b and its inverse function f^-1(x) intersect at the point (-3, a). If both b and a are integers, what is the value of a?",-9,-3,"f(-3)=a, f(a)=-3에서 4a=-12 → a=-3, b=6 (교점 (-3,-3)은 y=x 위)이라 -9는 오답이다."
train-011708,"In a class there are some pupils, out of them 10 are in debate only and 18 in singing only. There are 17 pupils in both. How many pupils are there in the class?",28,45,"토론만 10 + 노래만 18 + 둘 다 17 = 45이며, 28은 '둘 다' 17명을 누락한 값이다."
train-011716,"If Matt's peanut plantation measures 500 feet by 500 feet and each square foot of peanuts yields 50 grams, and it takes 20 grams of peanuts to produce 5 grams of peanut butter, and 1 kilogram of peanut butter sells for $10, how much money does he make from his plantation?",15625,31250,"250,000sqft×50g=12.5t 땅콩 → 버터 3,125kg × $10 = $31,250로, 15625는 정확히 절반값이다."
train-011741,"What is the residue of $7^{1234}$, modulo 19?",9,7,7^3≡1 (mod 19)이고 1234≡1 (mod 3)이므로 7^1234≡7이다.
train-011767,What is the sum of the digits of the integer equal to $\left(10^{3}+1\right)^{2}$ ?,1002001,4,"1001^2=1002001의 '자릿수 합'을 물었으므로 답은 4이고, 라벨은 제곱값 자체다."
train-011777,"Given that $\frac{1}{n} - \frac{1}{n+2} < \frac{1}{15}$, what is the least possible positive integer value of $n$?",6,5,"1/n−1/(n+2)=2/(n(n+2))이므로 n=5에서 2/35<1/15가 이미 성립(n=4는 1/12>1/15)하여 최소값은 5, 라벨 6은 불가."
train-011803,"In order to win a brand new Bible at Tom Sawyer's Sunday school, a student needs to accumulate 10 yellow tickets. Each yellow ticket is obtained by exchanging 10 red tickets, and each red ticket is obtained by exchanging 10 blue tickets. Blue tickets, on the other hand, are earned by memorizing two Bible verses. Instead of going through the trading process, Tom Sawyer has traded his toys and treasures with his friends and has managed to acquire 8 yellow tickets, 3 red tickets, and 7 blue tickets. How many additional blue tickets does Tom Sawyer need to earn in order to win a new Bible?",170,163,"필요 1,000 블루 상당 중 이미 8·100+3·10+7=837을 보유하므로 163이 정답이고, 170은 보유 블루 7장을 빠뜨린 계산이다."
train-011843,"Out of the 40 kids running a race, 10% of them finish in less than 6 minutes. Three times that number finish in less than 8 minutes. After accounting for these kids, 1/6 of the remaining kids take more than 14 minutes. How many kids in total take more than 14 minutes?",5,4,4명(10%)과 12명(3배)을 제외한 나머지 24명의 1/6은 정확히 4명이다.
train-011847,7 chess players take part in a tournament. Every player plays twice with each of his opponents. How many games are to be played?,84,42,"각 쌍이 2번씩 두므로 2·C(7,2)=42이고, 라벨 84는 선수별 12경기×7명을 2로 나누지 않은 중복 계수다."
train-011871,"A cube is painted so that one side is red, three sides are blue, and two sides are green. How many different such cubes can be painted, considering that two cubes are the same if one can be rotated to match the other?",4,3,빨강1·파랑3·초록2 색칠 60가지를 24개 회전군으로 궤도 계산하면 정확히 3개(초록 마주보기/이웃/초록-빨강 마주보기)다.
train-011898,"Corey downloaded two movie series from his Netflix account with 12 seasons per series and some seasons for the other series. However, in the week, his computer got a mechanical failure, and he lost two episodes from each season for both series. If each season in the movie series that Corey downloaded had 16 episodes, he had 364 episodes remaining after the computer's mechanical failure. How many seasons were in the second movie series?",2,14,"시즌당 16−2=14편이 남으므로 (12+x)·14=364 → x=14이며, 26시즌×14=364로 검산된다."
train-011899,"At a birthday party, there are 20 red balloons and x green balloons. Before the party started, 3 red and 2 green balloons burst. How many balloons are left?
If we know the answer to the above question is 30, what is the value of unknown variable x?",17,15,"(20−3)+(x−2)=30 → x=15이며, 라벨 17은 남은 빨간 풍선 수(20−3)일 뿐이다."
train-011952,"Stephen rides his bicycle to church.  During the first third of his trip, he travels at a speed of 16 miles per hour. During the second third of his trip, riding uphill, he travels a speed of 12 miles per hour.  During the last third of his trip, he rides downhill at a speed of x miles per hour.  If each third of his trip takes 15 minutes, what is the distance Stephen rides his bicycle to church, It is 12 miles. What is the value of unknown variable x?",24,20,"각 구간 15분(0.25h)이므로 거리 4+3+0.25x=12 → x=20이고, x=24면 총 13마일이 되어 조건과 어긋난다."
train-012045,"If Alice initially bought 4 pints of strawberry ice cream on Sunday and then purchased three times that number the next day, followed by buying one-third of the previous day's purchase on Tuesday, and finally returning half of the pints she bought the day before on Wednesday due to expiration, how many pints of ice cream does she have on Wednesday?",22,18,"일 4 + 월 12 + 화 4(=12/3) − 수 2(전날 4의 절반) = 18이며, 어떤 해석으로도 22가 나오지 않는다."
train-012101,John purchased some large bottles at $1.89 per bottle and 750 small bottles at $1.38 per bottle. The approximate average price paid per bottle was $1.7057. How many large bottles did John purchase?,1323,1325,정확해 1325.42이고 1325병일 때 평균 1.705663→1.7057로 맞지만 1323병은 1.7055라 문제의 1.7057과 불일치한다.
train-012156,"If Jacob has already taken four tests in his physics class and received scores of 85, 79, 92, and 84, what score does he need to achieve on his fifth and final test in order to have an overall average of 85?",88,85,85·5 − (85+79+92+84) = 425 − 340 = 85이므로 88은 오답이다.
train-012162,A car takes 6 hours to cover a certain distance. The speed in kmph should be maintained at 30 to cover the same direction in 3/2th of the previous time. What is the distance the car initially covered?,120,270,"'3/2th of the previous time'은 6시간×3/2=9시간이므로 30km/h×9=270km이고, 라벨 120은 6÷(3/2)=4시간으로 잘못 나눈 값이다."
train-012180,"In square ABCD with side length 30, point P is located inside such that AP = 12 and BP = 26. The centroids of triangles ABP, BCP, CDP, and DAP form a convex quadrilateral. What is the area of this quadrilateral?",150,200,"네 무게중심은 대각선 길이가 각각 20인 정사각형을 이루어 P 위치와 무관하게 넓이가 200이다(AP=12, BP=26도 실제로 성립)."
train-012255,"Paul makes pencils, making 100 pencils a day five days a week. He started the week with some pencils in his stock, and during the week he sold 350 pencils. He had 230 pencils in his stock at the end of the week. How many pencils did he have in his stock at the beginning of the week?",380,80,시작 재고 = 230 + 350 − 500 = 80이며 380은 어떤 계산으로도 나오지 않는다.
train-012265,An isosceles right triangle has an altitude to its hypotenuse measuring 4 units. Determine the area of this triangle.,8,16,"직각이등변삼각형에서 빗변에 내린 높이 4 ⇒ 빗변 8, 넓이 = 8·4/2 = 16 (8은 다리 길이를 4로 오독한 값)."
train-012303,"When the base-12 integer $1742_{12}$ is divided by $9$, what is the remainder?",3,5,1742_12 = 2786이고 2786 mod 9 = 5다.
train-012328,"The sequence 12, 15, 18, 21, 51, 81, $\ldots$ consists of all positive multiples of 3 that contain at least one digit that is a X. The 50th term of the sequence is 318. What is the value of unknown variable X?",8,1,"X=1일 때만 앞부분 12,15,18,21,51,81과 50번째 항 318이 동시에 맞고, X=8이면 50번째 항이 786이다."
train-012364,"Given that $\ln x + 1 \leqslant x (x > 0)$, find the minimum value of $\frac{x^2 - \ln x + x}{x} (x > 0)$.",1,2,(x²−ln x+x)/x = x+1−(ln x)/x는 ln x ≤ x−1로부터 ≥ (x²+1)/x ≥ 2이며 x=1에서 최솟값 2를 취한다(수치 확인).
train-012417,"2. Jenny and Kenny together weigh 1 kilogram more than their mother, Jenny and Lanny together weigh 1 kilogram less than their mother, Kenny and Lanny together weigh 2 kilograms less than their mother, and the mother weighs 24 kilograms less than the total weight of her three children. What is the mother's weight in kilograms?",24,50,"세 쌍 식을 더하면 J+K+L=(3M-2)/2이고 M=J+K+L-24와 연립하면 M=50(J=26,K=25,L=23)이다."
train-012424,"If there are initially 7 trucks with 20 boxes and 5 trucks with 12 boxes, and each box contains 8 containers of oil, what is the number of containers of oil that each of the 10 trucks will have after evenly redistributing the oil?",104,160,(7·20+5·12)=200상자×8=1600통을 10대로 균등 분배하면 160통이다.
train-012438,"In triangle $ABC,$ $AB = 13,$ $BC = X $AC = 15,$ and point $G$ is the intersection of the medians. Points $A',$ $B',$ and $C',$ are the images of $A,$ $B,$ and $C,$ respectively, after a $180^\circ$ rotation about $G.$ What is the area of the union of the two regions enclosed by the triangles $ABC$ and $A'B'C'?$

If we know the answer to the above question is 112, what is the value of unknown variable X?",8,14,"합집합 넓이는 삼각형 넓이의 4/3이므로 넓이 84 → 13-14-15 삼각형, 즉 X=14이고 X=8이면 합집합이 69.3이다."
train-012490,"Jolene and Phil have four children, each with the same birthday.  They gave birth to their first child exactly 15 years ago.  They gave birth to their second child exactly x year after the birth of their first child.  They gave birth to their third child on the fourth birthday of their second child. Two years after the birth of their third child, they gave birth to their fourth child.  How old, in years, Their fourth child is 8. What is the value of unknown variable x?",6,1,"첫째 15세, 둘째 15-x, 셋째 11-x, 넷째 9-x=8이므로 x=1이며 x=6이면 넷째가 3세가 되어 모순이다."
train-012494,The mass of 1 cubic meter of a substance is 500 kg under certain conditions. The volume in cubic centimeters of a certain mass of this substance under these conditions is 2. What is the mass of the substance for which the volume is given?,1000,1,"밀도 0.5 g/cm³ × 2 cm³ = 1 g이며, 1000은 문제의 '1 kg = 1,000 g' 환산값일 뿐 어떤 단위 해석으로도 도출되지 않는다."
train-012523,"Let the first term of a geometric sequence be $\frac{5}{8}$, and let the second term be $100$. Determine the smallest $n$ for which the $n$th term of the sequence is divisible by $100,000,000$.",4,8,"a_n=2^(5n-8)·5^n이라 10^8=2^8·5^8로 나뉘려면 n>=8이고 a_8=1677721600000000이 최소이며, 라벨 4는 10^4 기준의 답이다."
train-012535,"Expanding $(1+0.1)^{500}$ by the binomial theorem and simplifying, we get
\[{500 \choose 0}(0.1)^0 + {500 \choose 1}(0.1)^1 + {500 \choose 2}(0.1)^2 + \cdots + {500 \choose 500}(0.1)^{500} = B_0 + B_1 + B_2 + \cdots + B_{500},\]
where $B_k = {500 \choose k}(0.1)^k$ for $k = 0, 1, 2, \ldots, 500.$ For which $k$ is $B_k$ the largest?",50,45,B_{k+1}/B_k=(500-k)/(10(k+1))>=1 은 k<=44.54와 동치라 최대는 k=45이고 수치 계산으로도 B_45가 최대다.
train-012560,"(5) An 11-digit mobile phone number, the first seven digits are 1390931, if the remaining 4 digits can only be $1, 3, 5$ and each must appear at least once, there are $\qquad$ such mobile phone numbers.",54,36,"{1,3,5}로 4자리를 만들며 각 숫자가 최소 1회 등장하는 전사(surjection) 수는 3^4-3·2^4+3=36이고, 54가 나오는 해석은 존재하지 않는다."
train-012561,Find $325_{8}-237_{8}$. Express your answer in base X$. The answer is 8. What is the value of unknown variable X?,10,8,"325_8-237_8=66_8이며 자기정합적인 유일한 밑(원문에서 제거된 값)은 8이고, 라벨 10은 어떤 읽기로도 도출되지 않는다."
train-012571,Determine the value of $x$ that satisfies the equation $2^x + 6 = 3 \cdot 2^x - 26$.,5,4,2^x+6=3·2^x-26 → 2·2^x=32 → 2^x=16 → x=4이며 5는 어떤 해석으로도 방정식을 만족시키지 못한다.
train-012577,"If (1/2)^18 * (1/x)^k = 1/18^18, then k = 9. What is the base of the second fraction?",9,81,"2^18·81^9 = 18^18이 정확히 성립하므로 묻는 '두 번째 분수의 밑'은 81이고, 라벨 9는 문제에서 이미 주어진 k값이다."
train-012619,"If $a, b, c$ are integers from the set of positive integers less than 5, such that:
\[
abc \equiv 1 \pmod{5}
\]
\[
4c \equiv 3 \pmod{5}
\]
\[
3b \equiv 2+b \pmod{5}
\]
determine the remainder when $a+b+c$ is divided by $5$.",3,1,"유일해 (a,b,c)=(3,1,2)이므로 a+b+c=6, 5로 나눈 나머지는 1이고 라벨 3은 a값이다."
train-012699,If a takes some days to do a work then b takes twice as many days to do the same work. A will alone complete this work in 27 days. How many days does it take for 'a' to complete the work?,54,27,"문제가 'A가 혼자 27일'이라고 직접 명시한 뒤 a의 소요일수를 물으므로 답은 27이고, 라벨 54는 b(=2배)의 값이다."
train-012710,Find the smallest positive integer \(b\) such that \(x^4 + 2x^2 + b^2\) is not prime for any integer \(x\).,12,1,"b=1이면 x⁴+2x²+1=(x²+1)²로 항상 소수가 아니므로 최소값은 1이고(합성수 요구 해석이면 3), 유효 b 집합 {1,3,6,9,12,…} 어디서도 12는 최소가 아니다."
train-012727,The P.T.O. decided to provide shirts for the elementary students for track and field day. Each grade was given a different color. x Kindergartners wore orange shirts that cost $5.80 each. 113 first graders wore yellow shirts that cost $5 each. 107 second graders wore blue shirts that cost $5.60 each. 108 third graders wore green shirts that cost $5.25 each. How much did the P.T.O. 2317 was spent on shirts for field day. What is the value of unknown variable x?,100,101,113*5+107*5.60+108*5.25=1731.20이고 (2317-1731.20)/5.80=101(정확히 나누어떨어짐)이라 x=100이면 총액이 2311.20으로 2317과 어긋난다.
train-012732,"Consider a variable plane that intersects the x-axis, y-axis, and z-axis at distinct points A, B, and C, respectively. Let O be the origin, and let (p,q,r) be the centroid of triangle ABC. The plane has a distance of 1 from the origin. Find the value of 1/p^2 + 1/q^2 + 1/r^2.",3,9,"절편 (3p,3q,3r)에 원점거리 1 조건 1/(9p²)+1/(9q²)+1/(9r²)=1을 적용하면 합은 9이며(수치검증 완료), 3은 도출되지 않는다."
train-012739,"What is the largest integer that is a divisor of \[
(n+2)(n+4)(n+6)(n+8)(n+10)
\]for all positive odd integers $n$?",8,15,홀수 n에 대해 다섯 개 연속 홀수의 곱이며 n=1..4001 전수 gcd가 정확히 15로 계산된다.
train-012745,A square has a perimeter of 12 units and an area of 9 square units. What is the length of one side of the square?,9,3,둘레 12와 넓이 9가 모두 한 변 3으로 무모순 일치하므로 변의 길이는 3이고 라벨 9는 넓이 값이다.
train-012761,"In a club, initially, there are 20 members including 5 committee members. Each year, the committee members are replaced, and every non-committee member recruits three new members. Calculate the total number of people in the club after four years.",1220,3845,"라벨 1220은 '두 명씩 모집'(3배 점화식 3(t-5)+5)의 값이고, 문제 서술대로 '세 명씩 모집'하면 4(t-5)+5 → 20→65→245→965→3845이다."
train-012819,"There are twice as many cows in Devonshire as there are hearts on a standard deck of 52 playing cards. If there are x hearts on a card, calculate the total cost of the cows when they are sold at $200 each. The answer is 83200. What is the value of unknown variable x?",208,4,"x는 '카드 한 장당 하트 수'이므로 52x·2·200=83200에서 x=4이고, 라벨 208은 덱 전체 하트 수를 잘못 답으로 삼은 것이다."
train-012832,"If Mike starts with a certain number of seeds and throws 20 seeds to the birds on the left and twice as much to the bigger group of birds on the right, and then throws 30 more seeds for the additional birds that join, and finally has 30 seeds left to feed the last group of birds, what is the initial number of seeds that Mike started with?",100,120,"20 + 2×20 + 30 + 남은 30 = 120이며, 100이 나오는 합리적 해석은 없다."
train-012837,"Thomas buys a weight vest.  It weighed 60 pounds and worked well for him in the beginning but after a bit of training he decides he wants to increase the weight by 60%.  The weights come in 2-pound steel ingots.  Each ingot cost $5 and if you buy more than 10 you get a x% discount.  How much does it cost to get the weight he needs?
If we know the answer to the above question is 72, what is the value of unknown variable x?",70,20,"추가 중량 60×0.6=36lb→잉곳 18개×$5=$90이고 90×(1-x/100)=72이므로 x=20이며, 70은 총중량 96lb(48개, $240)로 잘못 계산한 값이다."
train-012907,"Vinny weighed 300 pounds then lost 20 pounds in the first month of his diet. He continued his diet but each month, he lost half as much weight as he had lost in the previous month. At the start of the fifth month of his diet, he worked harder to lose extra weight then decided to end his diet. If Vinny weighed 250.5 pounds at the end of his diet, He lost 12 pounds throughout the x month. What is the value of unknown variable x?",12,5,"총 감량 49.5 중 1~4개월이 37.5이므로 12파운드를 뺀 달은 5번째, 즉 x=5이고 12는 원문제의 답이다."
train-012921,"Given the function $f(x)=2 \sqrt {3}\cos (ωx+ \dfrac {π}{6})$ with the smallest positive period of $π$, find $f( \dfrac {π}{3})$.",0,-3,"관례대로 ω>0이면 ω=2라 f(π/3)=2√3cos(5π/6)=-3이고, 0은 f(π/6) 값이다."
train-012931,"Compute \[ \left\lfloor \dfrac {2010^4}{2008 \cdot 2009} - \dfrac {2008^4}{2009 \cdot 2010} \right\rfloor, \]
where $\lfloor x \rfloor$ denotes the greatest integer less than or equal to $x$.",10,20090,"정확한 유리수 값이 10181223694202/506780295 = 20090.01493…이므로 바닥값은 20090이며, 바닥값을 각 항에 따로 취하는 등 어떤 대안적 해석으로도 10이 나오지 않는다."
train-012965,"To deliver an order on time, a company has to make a certain number of parts a day. After making that number of parts per day for 3 days, the company started to produce 5 more parts per day, and by the last day of work, 100 more parts than planned were produced. The company made 675 parts in total. How many parts were they supposed to make per day initially?",29,25,"계획 총량 675−100=575, 초과분 5×(N−3)=100 → N=23, 하루 575/23=25개로 유일 해이며 29는 어떤 해석에서도 성립하지 않는다."
train-012979,"Suppose you have entered a 155-mile biathlon that consists of a bicycle race and a running race. During your run, your velocity is 10 miles per hour, and during your bicycle race, your velocity is 29 miles per hour. You finish the race in 6 hours. What is the distance of your bicycle race?",10,145,"r+b=155, r/10+b/29=6에서 달리기 10마일·자전거 145마일이므로 문제가 요구한 자전거 거리는 145다."
train-013009,Let \( m \) be the integer such that \( 0 \leq m < 19 \) and \( 4m \equiv 1 \pmod{19} \). What is \( (5^m)^4 - 5 \pmod{19} \)?,6,1,"m=5이고 5^20≡6 (mod 19)이므로 5^20-5≡1이며, 6은 -5를 빼지 않은 값이다."
train-013010,"The legs of a right triangle have lengths $\log_5 125$ and $\log_3 81.$ If the length of the hypotenuse is $h,$ compute $5^h.$",243,3125,"두 변이 3, 4라 h=5이고 5^5=3125이며, 243은 3^5이다."
train-013030,The speed of a boat in standing water is 16 kmph and the speed of the stream is 2 kmph. A man rows to a place at a certain distance and comes back to the starting point. The total time taken by him is 960 hours. What is the distance of the place he rows to?,7590,7560,d/18+d/14=960을 풀면 d=7560이 정확히 떨어지고 7590은 방정식을 만족하지 않는다.
train-013176,"## Problem 1

Perform: $\quad 1+\{2+[3 \cdot(4+5)-6]+7 \cdot 8\}-9$",81,71,1+{2+[3·9-6]+56}-9 = 1+79-9 = 71로 계산이 확정된다.
train-013241,"Let $m$ be the smallest positive, three-digit integer congruent to 4 (mod 13). Let $n$ be the smallest positive, four-digit integer congruent to 4 (mod 13). What is $n-m$?",893,897,"3자리 최소 108, 4자리 최소 1005이므로 n-m=897이며 893은 어떤 해석으로도 나오지 않는다."
train-013291,a train 250 m long passed a pole in 10 sec . how long will it take to pass a platform 1250 m long ?,1250,60,"속도 25 m/s, (250+1250)/25=60초이며 라벨 1250은 승강장 길이를 그대로 옮긴 값이다."
train-013292,"The girls are trying to raise money for a carnival. Kim raises $320 more than Alexandra, who raises $430, and Maryam raises $400 more than Sarah, who raises $300. How much money, in dollars, did they all raise in total?",2280,2180,750+430+700+300=2180이며 2280은 어떤 해석으로도 재현되지 않는다.
train-013400,"in a bag , there are 2400 ball , and their colors are red , green blue . . the ratio of the balls are 15 : 13 : 17 . then how many red color balls are available in the bag ?",795,800,15:13:17의 합 45에서 빨강은 2400×15/45=800으로 정확히 정수다.
train-013463,"When the expression changes, the minimum value of the fraction $\frac{3 x^{2}+6 x-5}{\frac{1}{2} x^{2}+x+1}$ is $\qquad$. (1993, National Junior High School Competition)",4,-16,"t=x^2+2x>=-1로 두면 식은 6-22/(t+2)이라 x=-1에서 최솟값 -16이며, 라벨 4는 분자가 3x^2+6x+5인 다른 문제의 값이다."
train-013509,"The battery charge in Mary’s cordless vacuum cleaner lasts ten minutes. It takes her four minutes to vacuum each room in her house. Mary has x bedrooms, a kitchen, and a living room. Mary needs to charge her vacuum cleaner 2 times to vacuum her whole house. What is the value of unknown variable x?",5,3,"4(x+2)=10×2에서 x=3이고, 라벨 5는 전체 방 개수(x+2)를 잘못 옮긴 값이다."
train-013570,Evaluate $101 \times 101$ in your head using the identity for a square of a binomial.,9801,10201,101²=10201이고 9801은 99²이다.
train-013584,"When the base-10 integers 150 and 750 are expressed in base 2, how many more digits does 750 have than 150 (after being converted)?",1,2,"150₂는 8자리(10010110), 750₂는 10자리(1011101110)로 차이는 2다."
train-013612,"A group of bedbugs infested an old mattress. Every day, the number of bedbugs would triple. After four days, there were 810 bedbugs burrowing into the mattress. How many bedbugs did the group start with?",30,10,"4일 후 3⁴=81배이므로 810/81=10이고, 30은 3회 증식(3³)으로 잘못 센 값이다."
train-013625,Let \(\mathbf{v}\) and \(\mathbf{w}\) be vectors such that \(\mathbf{v} \cdot \mathbf{w} = 12\) and \(\|\mathbf{w}\| = 4.\) Find the magnitude of \(\operatorname{proj}_{\mathbf{w}} \mathbf{v}.\),12,3,‖proj_w v‖=|v·w|/‖w‖=12/4=3이며 라벨 12는 내적값 자체다.
train-013639,"For how many values of $k$ is $24^{24}$ the least common multiple of the positive integers $9^9$, $12^{12}$, and $k$?",1825,1,"24^24=2^72·3^24, lcm(9^9,12^12)=2^24·3^18이므로 k=2^72·3^24 단 하나만 조건을 만족한다(전수 확인 결과 1개)."
train-013642,"the avg weight of a , b & c is 84 kg . if d joins the group , the avg weight of the group becomes 80 kg . if another man e who weights is 6 kg more than d replaces a , then the avgof b , c , d & e becomes 79 kg . what is the weight of a ?",64,78,"a+b+c=252, d=320-252=68, e=74, b+c=316-68-74=174이므로 a=78이며 64가 나올 해석이 없다."
train-013684,"The number $2^{1993}+3^{1993}$ is a multiple of X What is the units digit of the quotient $\frac{2^{1993}+3^{1993}}{5}?$
If we know the answer to the above question is 3, what is the value of unknown variable X?",50,5,2^1993+3^1993은 홀수라 50의 배수가 될 수 없고 5로 나눈 몫의 일의 자리가 3이므로 X=5다.
train-013793,"The sum of the areas of a square and a rectangle is 130 square units, while the difference in their perimeters is 20 units. The length of the rectangle is twice its width. Find the sum of their areas.",118,130,"묻는 값인 '넓이의 합'이 문제에 130으로 직접 주어져 있고(두 해 분기 모두 합=130 확인), 118은 어떤 읽기로도 도출되지 않는다."
train-013842,"If 25,197,641 hot dogs are packaged in sets of 6, how many will be left over?",1,5,25197641을 6으로 나눈 나머지는 5다(6×4199606=25197636).
train-013887,"Carl has a jar full of marbles. He takes out x marbles to play a game with, but he accidentally drops them and 1/2 the marbles get lost. So Carl takes out 10 more marbles. While he is playing his game his mother comes home with another bag of marbles for him, which has 25 marbles in it. If Carl can't find his lost marbles, then how many marbles is he going to put in the jar after he plays his game, From both his original marbles and the new ones, there are 41. What is the value of unknown variable x?",20,12,"x/2+10+25=41에서 x=12이며, x=20이면 합이 45가 되어 41과 모순이다."
train-013986,"Fishio posted her selfie on Instagram. She received 2000 likes on the photo after 1 week. Three weeks later, the number of likes was 70 times as many as the initial number of likes. If she received 20000 more new likes recently, how many Instagram likes are there?",162000,160000,"""좋아요 수가 초기의 70배""는 총량 2000*70=140000을 뜻하므로 +20000=160000이고, 라벨 162000은 초기 2000을 한 번 더 더한 중복 계산이다."
train-013997,What are the last two digits of the sum $5! + 10! + 15! + \cdots + 100!$?,80,20,"10! 이상은 모두 100의 배수라 5!만 기여해 마지막 두 자리는 20이며, 라벨 80은 간격 5가 아닌 연속합 5!+6!+…+100!의 답이다."
train-014012,"Find the smallest integer $n$ such that each subset of $\{1,2,\ldots, 2004\}$ with $n$ elements has two distinct elements $a$ and $b$ for which $a^2-b^2$ is a multiple of $2004$.",1003,337,1..2004의 제곱은 mod 2004에서 336개 값만 가지므로 비둘기집으로 최소 n=336+1=337이다.
train-014036,"George now has a selection of 9 colors for painting. In how many ways can he select three separate colors for the walls, ceiling, and trim, without using the same color more than once?",84,504,"벽·천장·트림이라는 서로 구별되는 3자리에 색을 배정하고 '같은 색 중복 금지' 단서까지 있으므로 순열 9·8·7=504이며, 조합 84는 자리 구분을 무시한 값이다."
train-014037,"In $\triangle{ABC}$ with side lengths $AB = 6$, $AC = 8$, and $BC = 10$, let $O$ and $I$ denote the circumcenter and incenter, respectively. A circle with center $M$ is tangent to the legs $AC$ and $BC$ and to the circumcircle of $\triangle{ABC}$. What is the area of $\triangle{MOI}$?",0,1,"직각변에 접하고 외접원에 내접하는 원의 중심 M=(4,4), O=(3,4), I=(2,2)로 넓이는 1이며(5-12-13 원문 7/2와 동일 구성), 세 점이 공선이 아니므로 0이 될 수 없다."
train-014071,"Cassie is trimming her pet's nails. She has four dogs, eight parrots, two cats, and six rabbits. Each dog has four nails on each foot, and each parrot has three claws on each leg, except for one parrot who has an extra toe. Each cat has five toes on their front paws and four toes on their rear paws, while each rabbit has five nails on their rear legs but an uneven number of nails on their front legs - one front leg has three nails, and the other front leg has four nails. How many nails does Cassie need to cut?",252,251,"개 64 + 앵무 49('an extra toe'는 발톱 1개 추가) + 고양이 36 + 토끼 102 = 251이며, 라벨 252는 발가락을 다리마다 +1(총 +2)로 읽어야만 나온다."
train-014128,"The numbers $a_1,$ $a_2,$ $a_3,$ $b_1,$ $b_2,$ $b_3,$ $c_1,$ $c_2,$ $c_3$ are equal to the numbers $1,$ $2,$ $3,$ $\dots,$ X in some order.  Find the smallest possible value of
\[a_1 a_2 a_3 + b_1 b_2 b_3 + c_1 c_2 c_3. The answer is 214. What is the value of unknown variable X?",214,9,9!(전수 탐색)에서 1..9의 최소합이 정확히 214이므로 묻는 X는 9이고 214는 원문제의 답이다.
train-014129,"What is the greatest common divisor of 256, 162, and 720?",18,2,"256=2^8이므로 gcd(256,162,720)=2이고, 라벨 18은 256을 빼먹은 gcd(162,720)이다."
train-014302,"Rhea buys 2 trays of eggs every week for her family. Her son and daughter eat 2 eggs every morning, and Rhea and her husband eat 4 eggs every night. If each tray has x eggs, There are 6 eggs not being eaten every week. What is the value of unknown variable x? What is the value of unknown variable x?",45,24,"아들·딸 합쳐 2개, 부부 합쳐 4개(주 42개)를 먹으면 2x−42=6에서 x=24이고, 라벨 45는 두 문장을 모두 '각자'로 읽은 비표준 해석이다."
train-014329,"To apply for the position of photographer at a local magazine, Veronica needs to include 3 or 4 of her pictures in an envelope accompanying her application. She has pre-selected a certain number of photos representative of her work and has 15 choices to provide the photos for the magazine. How many photos has she pre-selected?",15,5,"C(n,3)+C(n,4)=C(n+1,4)=15 → n=5이므로 사전 선별 사진은 5장이고, 15는 문제에 이미 주어진 '경우의 수'다."
train-014338,Find the equation of the axis of symmetry for the parabola $y^2 = -8x$.,2,0,"y^2=-8x의 대칭축은 x축이므로 y=0(→0)이고, 라벨 2는 준선 x=2에 해당한다."
train-014347,"If Earl started delivering newspapers on the first floor of a condominium building and went up 5 floors, then went down 2 floors, and finally went up 7 floors, finding himself 9 floors away from the top of the building, how many floors does the building have in total?",19,20,1층에서 +5−2+7 = 11층이고 꼭대기까지 9층 남았으므로 총 20층이다.
train-014377,The sequence $\{b_n\}$ satisfies $b_1 = 1$ and $3^{b_{n + 1} - b_n} - 1 = \frac {1}{n + \frac {1}{2}}$ for $n \geq 1$. Find the least integer $k$ greater than $1$ for which $b_k$ is an integer.,3,4,"망원합으로 b_n=log_3(2n+1)이므로 2k+1=9인 k=4에서 처음 정수가 되고, k=3은 log_3 7로 정수가 아니다."
train-014429,"In a division sum, the remainder is 0. A student mistook the divisor by 12 instead of the correct divisor and obtained 70 as quotient. The correct quotient is 40. What is the correct divisor?",28,21,"""12 instead of the correct divisor""는 12를 나눗수로 썼다는 뜻이므로 피제수=12*70=840, 올바른 나눗수=840/40=21이다."
train-014434,Find the number of integer solutions to the equation \( 2^{2x} - 5^{2y} = 75 \).,1,0,"(2^x-5^y)(2^x+5^y)=75의 인수쌍에서 2^x∈{38,14,10}로 2의 거듭제곱이 없어 정수해는 0개다."
train-014471,"Let $M$ be the greatest integer multiple of 9, no two of whose digits are the same. What is the remainder when $M$ is divided by 100?",81,10,"자릿수가 모두 다른 최대 정수는 9876543210이고 자릿수 합 45로 9의 배수여서 M=9876543210, 100으로 나눈 나머지는 10이다."
train-014492,"Anton has an ant farm with two species of ants, Species A and Species B. Although they look the same, the number of ants in Species A doubles each day, while the number of ants in Species B triples. On Day 0, Anton counts a total of 30 ants in the farm. On Day 5, Anton counts a total of 3281 ants. How many of these ants belong to Species A?",19,608,"초기 A=19, B=11이고 ""these ants""는 Day 5의 3281마리를 가리키므로 A는 19*2^5=608마리다."
train-014582,"If each bowl of soup served by Erin contains 10 ounces and she can serve 5 bowls per minute, and there are 128 ounces in a gallon, how many minutes will it take for Erin to serve all 6 gallons of soup, rounded to the nearest minute?",16,15,"6*128=768온스를 분당 50온스로 나누면 15.36분이고 ""가장 가까운 분""으로 반올림하면 15다."
train-014714,"My cat's empty bowl weighs 420 grams. If I give my cat 60 grams per day and I always fill her bowl every 3 days, how much does her bowl weigh if after I ended up refilling her empty bowl she only ate x grams?
If we know the answer to the above question is 586, what is the value of unknown variable x?",166,14,"420+180-x=586이므로 먹은 양 x=14이고, 라벨 166은 남은 사료량(586-420)이다."
train-014735,Compute the multiplicative inverse of $208$ modulo $307$. Express your answer as an integer from $0$ to $306$.,240,31,208×31 ≡ 1 (mod 307)이고 208×240 ≡ 186이므로 240은 역원이 아니다.
train-014817,"At the supermarket, the price paid for oranges is proportional to the mass purchased. Annie paid $6 for 2 kg of oranges. How much will Annie pay for a certain mass of oranges if she paid $36 for 12 kg?",3,36,"문제가 '$36을 냈다'고 스스로 답을 명시하므로 답은 36이고, 3은 묻지 않은 kg당 단가다."
train-014843,"Derek finally gets his own allowance. He puts $2 away in January, $4 away in February, $8 away in March, $16 away in April and follows this savings pattern through to December. How much money does he have to spare and save by December?",4096,8190,"1~12월 누적 2+4+...+4096=8190이며, 라벨 4096은 12월 한 달 저축액일 뿐이다."
train-014863,"A four-digit integer $m$ and the four-digit integer obtained by reversing the order of the digits of $m$ are both divisible by X. If $m$ is divisible by 7, what is the greatest possible value of $m$?
If we know the answer to the above question is 5985, what is the value of unknown variable X?",105,45,"X=105이면 조건을 만족하는 최대 m이 5775라 5985와 모순이고, X=45에서만 5985(및 역순 5895)가 성립한다."
train-014893,"After saving $155, Erika and her brother Rick want to buy a gift for their mother that costs $250. Rick saved only half of the cost of the gift. They also plan to surprise their mother with a birthday cake worth $25. What will be the remaining amount of money they have after purchasing the gift and cake?",-120,5,155+125-(250+25)=5인데 라벨 -120은 문제가 명시한 Rick의 125달러를 빠뜨린 값이다.
train-014925,"In a gymnastics championship, each gymnast shakes hands once with every other gymnast, excluding themselves. Additionally, two coaches attend and each coach only shakes hands with gymnasts from their respective teams, not crossing teams. If the total number of handshakes in the meet ends up being 456, what is the minimum number of handshakes involving at least one of the two coaches?",1,21,"456−C(30,2)=21이 최소이고(456·455 모두 삼각수 아님) 팀 분할도 가능하므로 정답은 21, 라벨 1은 어떤 해석으로도 성립하지 않는다."
train-014957,"## Task 1 - 050911

A turner needs half an hour to manufacture a certain part. Since several identical parts need to be produced, he is considering building a fixture that would allow each such part to be manufactured in 20 minutes. The construction of this fixture would take 4 hours.

How many parts at least need to be produced for the construction of the fixture to result in time savings?",24,25,30n>240+20n → n>24이고 n=24는 720분으로 정확히 본전이라 시간 절약이 생기는 최소 개수는 25다.
train-015006,Brenda volunteered to make x trays of banana pudding for the family reunion.  Each tray of banana pudding would need 80 wafer cookies.  A box of wafer cookies only had 60 cookies per box.  Each box costs $3.50. It will cost her 14 to buy just enough boxes for 3 trays of banana pudding. What is the value of unknown variable x?,6,3,"문제문이 '3 trays에 딱 맞게 사면 $14'라고 못박고 있고 3트레이=240개=4박스×$3.50=$14로 정확히 맞으므로 x=3이며, 6트레이는 $28이라 어떤 읽기로도 6이 성립하지 않는다."
train-015112,"The current time is 9 o'clock. On a 12-hour clock, what time will it be 2023 hours from now?",8,4,"2023 mod 12 = 7이고 9+7=16≡4이므로 4시이며, 12시간제·24시간제 어느 쪽으로 계산해도 8은 나오지 않는다."
train-015142,"It takes x minutes for Dante to go to Hidden Lake. From Hidden Lake, he has to walk back to the Park Office and it takes him 7 minutes. When he arrives there, he will have been gone from the Park Office 32 minutes altogether. If he had walked to the Lake Park restaurant from the Park office before taking the 15 minute walk to Hidden Lake, The walk from Park Office to the Lake Park restaurant is 10. What is the value of unknown variable x?",25,15,"문제문 자체가 '15 minute walk to Hidden Lake'라 명시하고 10+x+7=32도 x=15로 일관되지만, 라벨 25는 식당 구간 10분을 빼먹은 32−7의 결과라 본문과 모순된다."
train-015149,Which whole number is the ratio $\frac{10^{2000}+10^{2002}}{10^{2001}+10^{2001}}$ closest to?,50,5,"분자 101·10^2000 / 분모 2·10^2001 = 101/20 = 5.05이므로 가장 가까운 자연수는 5이고, 50이 되려면 분모가 2·10^2000이어야 한다."
train-015163,Find the discriminant of the cubic equation \(x^3 - 2x^2 + 5x + 2\).,-640,-804,x^3-2x^2+5x+2의 판별식은 18abcd-4b^3d+b^2c^2-4ac^3-27a^2d^2 = -804로 sympy와도 일치한다(부호·계수 변형 어떤 조합도 -640을 주지 않음).
train-015182,"If the eight-digit number $965n8432$ is divisible by $11$, what is $n$?",1,2,"교대합 9−6+5−n+8−4+3−2=13−n이 11의 배수여야 하므로 n=2뿐이고, n=1이면 12로 11로 나누어떨어지지 않는다."
train-015185,Find the least number that must be added to 433124 so that the remaining number is divisible by 17. What is the least number to be added?,15,2,"433124 mod 17 = 15이므로 더해야 할 최소수는 17−15=2이고, 라벨 15는 더할 수가 아니라 나머지를 적은 것이다."
train-015232,"John borrows $1500$ from Martha, who charges an interest of $3\%$ per month (which compounds monthly). What is the least integer number of months after which John will owe more than twice as much as he borrowed?",25,24,"1.03^23=1.9736<2, 1.03^24=2.0328>2이므로 최소 개월수는 24이며, 단리·이자만 2배 등 어떤 대체 해석도 25를 주지 않는다."
train-015268,"Julie started her own landscaping business. She charges $4 an hour for mowing lawns and $8 for pulling weeds. In September she mowed lawns for 25 hours and pulled weeds for x hours. If she worked the same number of hours in October, She earned 248 money in September and October. What is the value of unknown variable x?",12,3,"9월·10월 동일 근무이므로 2*(4*25+8x)=248 → x=3이며, 12는 어떤 해석으로도 248을 만들지 못한다."
train-015310,"Larry and Barry want to pick apples out of the tree, but neither is tall enough to reach the apples.  Barry can reach apples that are 5 feet high.  Larry is x feet tall, but his shoulder height is 20% less than his full height.  If Barry stands on Larry's shoulders, how high can they reach?
If we know the answer to the above question is 9, what is the value of unknown variable x?",6,5,"어깨높이 0.8x에 배리의 5피트를 더해 9가 되려면 x=5이고, x=6이면 9.8이 되어 조건과 어긋난다."
train-015319,"The teacher told the class that if they averaged at least 75% on their final exam, they could have a pizza party. Everyone took the exam on Monday, except for William, who was allowed to take it on Tuesday. If there are 30 people in the class, and the average before he took the test was a 74%, what score does he have to get to make sure they get to have a pizza party?",94,104,30명 기준 30*75−29*74=104이고 라벨 94는 20명 변형(20*75−19*74)의 답이라 문항 텍스트와 불일치한다.
train-015404,"In spherical coordinates, the point $\left( 3, \frac{2 \pi}{7}, \frac{8 \pi}{5} \right)$ is equivalent to what other point, in the standard spherical coordinate representation?  Enter your answer in the form $(\rho,\theta,\phi),$ where $\rho > X $0 \le \theta < 2 \pi,$ and $0 \le \phi \le \pi.$
If we know the answer to the above question is (3,\frac{9\pi}{7},\frac{2\pi}{5}), what is the value of unknown variable X?",3,0,"깨진 LaTeX의 X는 표준 구면좌표 제약 'ρ>0'의 0이며, ρ=3이므로 ρ>3(라벨 3)은 답과 모순된다."
train-015434,How many ways can 1729 be expressed as a product of two two-digit numbers?,0,1,1729=7*13*19의 두 자리 약수 쌍은 19*91 하나뿐이므로 0이 아니라 1이다.
train-015438,A number is divided into two parts such that 7 times the first part added to 5 times the second part makes 146. The bigger part is 13. What is the original number?,13,24,"큰 부분 13일 때 7*13+5*11=146으로 다른 부분이 11이므로 원래 수는 13+11=24이고, 라벨 13은 문제에 이미 주어진 큰 부분이다."
train-015451,Twelve distinct points are placed on the circumference of a circle. How many different convex quadrilaterals can be drawn if each vertex of the quadrilateral must be one of these twelve points?,3960,495,"원 위 12점에서 볼록사각형은 4점 선택만으로 결정되어 C(12,4)=495이며, 3960은 비볼록(교차) 배열까지 센 값이다."
train-015620,"A quantity surveyor is figuring the construction costs for a couple that wishes to build a house. The costs are as follows: land costs $50 per square meter, bricks cost $100 per 1000 bricks and roof tiles cost $x per roof tile. If the house they wish to build requires 2000 square meters, 10000 bricks, and 500 roof tiles, 106000 construction costs are required for this project. What is the value of unknown variable x? What is the value of unknown variable x?",12,10,"토지 2000×50=100000, 벽돌 10000장=1000이므로 500x=106000-101000=5000 → x=10이며, x=12는 총액 107000일 때만 성립한다."
train-015642,"Let $b_1, b_2, \dots$ be a sequence defined by $b_1 = 1$, $b_2 = 4$, and $b_n = b_{n-1} - b_{n-2}$ for each positive integer $n \ge 3$. What is $b_{2023}$?",-4,1,"수열은 1,4,3,-1,-4,-3의 주기 6이고 2023 mod 6 = 1이므로 b_2023 = b_1 = 1이며, -4는 b_5(2023 mod 6=5로 오산한 값)라 어떤 읽기로도 방어 불가."
train-015654,"If it takes Melissa 5 minutes to replace the buckle on each shoe and 10 minutes to even out the heel on each shoe, how many minutes in total does she spend on this project?",15,30,"""each shoe""는 복수 신발(통상 한 켤레=2짝)을 전제하므로 총 (5+10)×2=30분이고, 라벨 15는 신발 1짝 분량에 해당해 ""각 신발""·""총합"" 표현과 모순된다."
train-015734,"Sam bought a dozen boxes, each with 30 highlighter pens inside, for $10 each box. He rearranged five of these boxes into packages of six highlighters each and sold them for $3 per package. He sold the rest of the highlighters separately at the rate of three pens for $2. How much profit did he make in total, in dollars?",115,95,"5박스 150자루는 6자루 묶음 25개(=$75), 남은 210자루는 3자루당 $2로 $140이므로 수익 215−원가 120 = 95이며, 라벨 115는 5박스에서 30자루만 포장했다고 오독해야 나온다."
train-015829,"if the operation € is defined for all x, y, and z by the equation x € (y, z) = (2 * x * y + y^2) * z^3 , then 7 € (4 € (5, 3), 2) =",24844760,24836760,"4€(5,3)=(40+25)*27=1755, 7€(1755,2)=(24570+3080025)*8=24836760이며 라벨 24844760은 8을 곱하면 3105595로 어떤 해석에서도 나올 수 없는 값(중간계산 1000 오차)이다."
train-015867,Which digit will appear in the 1257th place after the decimal point in the decimal representation of $\frac{7}{19}$?,7,8,"7/19의 순환마디 368421052631578947(길이 18)에서 1257 mod 18 = 15번째 자리이므로 8이며, 실제 소수 전개로도 1257번째 자리가 8이다(라벨 7은 1256번째 자리)."
train-015909,"A quadrilateral has vertices at $(1, 3)$, $(1, 1)$, $(3, 1)$, and $(2007, 2008)$. Calculate the area of this quadrilateral in square units.",2007,4013,네 점이 모두 볼록껍질 꼭짓점이고 주어진 순서가 곧 껍질 순서라 신발끈 넓이는 어떤 순서로도 2007이 될 수 없고 4013이다.
train-015941,"If a paper company decides to adopt more sustainable practices by planting three trees for every tree they chop down, and they chop down 200 trees in the first half of the year and 300 more trees in the second half of the year, how many additional trees does the company need to plant?",1000,1500,"벤 나무 500그루당 3그루씩 심으므로 '심어야 할' 나무는 1500그루이며, 1000은 심은 수가 아니라 순증가분이라 'need to plant' 질문과 맞지 않는다."
train-016086,"Find the sum of all integers $n$ such that $\dfrac{24}{n}$ is also an integer. Moreover, analyze if $n^2 - 11n + 24$ is a perfect square.",6,0,"24의 모든 정수 약수(음수 포함) 합은 0이고(양의 약수만이면 60, 두 조건 동시 만족이면 22) 라벨 6은 어떤 읽기와도 맞지 않는다."
train-016092,"Determine the smallest positive value of $x$ that, when added to 5678, results in a palindrome.",79,97,"5678 다음 회문은 5775라 x=97이며, 5678+79=5757은 회문이 아니다(라벨 79는 97의 자리 뒤바뀜)."
train-016141,"If Bennett sold twice as many window screens in February as he did last month, and in February he sold a fourth of what he sold in March (which was 8800 screens), what is the total number of window screens Bennett sold from January to March?",15400,12100,"'2월에 지난달의 두 배'이므로 2월=2200, 1월=1100, 합계 12100이며 라벨 15400은 비율을 거꾸로(1월=2×2월) 잡은 값이다."
train-016184,"in a practice paper at 2 iim . com , questions were given from 5 topics . out of the appearing students , 10 % passed in all topics while 10 % did not pass in any . of the remaining , 20 % passed in one topic only and 25 % in two topics only . if 24 % of the total students passed 4 topics only and 500 students passed in 3 topics only , find the total number of students who appeared in the examination ?",4546,2500,"'나머지의' 20%·25%를 그대로 적용하면 3과목만 통과가 전체의 20%=500명이라 총원 2500명이 모든 소집단에서 정수로 정합하며, 라벨 4546은 그 문구를 무시한 500/0.11=4545.45의 반올림이다."
train-016232,"Given a quadratic inequality in one variable $ax^2+bx+1>0$ whose solution set is $(-1, \frac{1}{3})$, find the value of $a-b$.",3,-1,"해집합 (-1,1/3)에서 근과 계수 관계로 a=-3, b=-2가 유일하게 확정되어 a-b=-1이며, 3이 나오는 해석은 없다."
train-016244,"A number is divisible by $8$ if the number formed by its last $3$ digits is divisible by $8.$ For example, the number $47\,389\,248$ is divisible by $8$ because $248$ is divisible by $8.$ However, $47\,389\,284$ is not divisible by $8$ because $284$ is not divisible by $8.$

If $992\,466\,1A6$ is divisible by X where $A$ represents one digit, what is the sum of the possible values of $A?$
If we know the answer to the above question is 10, what is the value of unknown variable X?",2,8,"1A6=106+10A가 나누어떨어지는 A의 합이 10이 되는 X는 전수 탐색상 8뿐이며(A=3,7), X=2면 A가 0~9 전부여서 합이 45이므로 라벨 2는 성립 불가."
train-016276,Calculate $3 \times ((-3)^{4} - (-3)^{3} + (-3)^{2} - 3^{2} + 3^{3} - 3^{4})$.,81,162,"괄호 안이 81+27+9-9+27-81=54이므로 3배는 162이고, 81은 어떤 지수 해석으로도 나오지 않는다."
train-016301,"The Lucas sequence is defined as follows: the first term is 1, the second term is 3, and each term after that is the sum of the previous two terms. What is the remainder when the $100^{\mathrm{th}}$ term of the sequence is divided by 5?",3,2,"1,3,4,7,... 은 mod 5에서 주기 4(1,3,4,2)라 100≡0 → 제100항의 나머지는 2다."
train-016341,"If Sam made $460 by working for 23 hours from March to August and only worked for 8 hours from September to February, and he needs to save $600 to buy a video game console after spending $340 on car repairs, how many more hours does he need to work before he can afford the console?",39,16,"시급 460/23=$20, 총 31시간 620달러에서 수리비 340을 빼면 280이므로 600까지 320달러=16시간이 더 필요하다."
train-016364,"the average of 11 numbers is 60 . out of 11 numbers the average of first 6 no . is 98 , and last 6 numbers is 65 then find 6 th number ?",159,318,6·98+6·65−11·60=318이 6번째 수이며 라벨 159는 그 절반으로 어떤 해석으로도 정당화되지 않는다.
train-016380,"If a = 105 and a ^ 3 = some number * 25 * 315 * 7, what is the value of that number?",63,21,"105^3=1157625이고 25*315*7=55125이므로 몫은 정확히 21이며(21*25*315*7=1157625 검산 일치), 63은 315를 105로 바꾼 다른 문제의 답이라 본문대로는 성립하지 않는다."
train-016391,"a, b, and c rent a pasture for Rs. 841. a put in 12 horses for a certain number of months, b put in 16 horses for 9 months, and c put in 18 horses for 6 months. b should pay Rs. 348. For how many months did a put in the horses?",32,8,"841×144/(12m+144+108)=348 → 12m+252=348 → m=8이며, m=32이면 b의 몫이 약 190.4로 348과 맞지 않는다."
train-016444,"a, b, and c rent a pasture. If a puts some oxen for 7 months, b puts 12 oxen for 5 months, and c puts 15 oxen for 3 months for grazing, and the rent of the pasture is Rs. 245, then c pays Rs. 62.99999999999999 as his share of rent. How many oxen did a put for grazing?",17,10,"c의 몫 45/(7a+105)×245=63을 풀면 7a+105=175, a=10이고 a=17이면 c는 49.2가 된다."
train-016483,"After picking 250 peaches, Brenda discovers that only 60% of them are fresh. Additionally, she discards 15 peaches due to their small size. How many peaches does Brenda have remaining?",235,135,"""Additionally""가 신선하지 않은 것 폐기에 더한 폐기를 뜻하므로 250x0.6=150에서 15를 뺀 135이고, 235는 60% 조건을 무시한 값이다."
train-016514,The sum of some odd numbers is 576. How many odd numbers are there in the sum?,576,24,"처음 n개 홀수의 합은 n^2이므로 n^2=576에서 n=24이고, 라벨 576은 합 자체를 옮겨 적은 값이다."
train-016530,How many lattice points lie on the graph of the equation $x^2 + y^2 = 72$?,12,4,"72=36+36 표현뿐이라 격자점은 (±6,±6) 4개이며 12는 x^2+y^2=25 같은 다른 반지름의 값이다."
train-016557,"Given that functions $f(x)$ and $g(x)$ are defined on $\mathbb{R}$ as even and odd functions respectively, and $f(x) - g(x) = x^3 + 2^{-x}$, find the value of $f(2) + g(2)$ equal to ( ).",-2,-4,x→−x 치환으로 f(2)+g(2)=f(−2)−g(−2)=(−2)³+2²=−4이다.
train-016562,"If Kevin holds the world record for eating 64 hot wings in 8 minutes without stopping, and Alan wants to beat this record by eating the biggest quantity of hot wings in the same time frame, currently eating 5 hot wings per minute, how many more wings does Alan need to eat per minute to surpass Kevin's record?",3,4,"케빈은 분당 8개이므로 3을 더하면 동률일 뿐이고 기록을 넘어서려면(surpass) 분당 9개, 즉 4개가 더 필요하다."
train-016623,the bankers discount of a certain sum of money is rs . 288 and the true discount on the same sum for the same time is rs . 240 . the sum due is :,288,1440,어음 금액은 BD·TD/(BD−TD)=288·240/48=1440이고 288은 주어진 은행 할인액 자체다.
train-016666,"Find
\[
\min_{y \in \mathbb{R}} \max_{0 \le x \le 2} |x^3 - xy^2|.
\]",8,2,"y²=3에서 내부 극값과 끝점 x=2가 모두 2로 같아져 최소최대는 2이며, 8은 y=0일 때의 최대값일 뿐이다."
train-016765,"Suppose you are interested in finding the number of ""double prime dates"" in a leap year, where both the day and the month are prime numbers, and additionally, the sum of the day and month is also a prime number. How many double prime dates occurred in 2012?",28,8,"2012년 소수 월·소수 일·합도 소수인 날짜는 (2,3),(2,5),(2,11),(2,17),(2,29),(3,2),(5,2),(11,2)의 8건뿐이며(윤년 2/29 포함), 28이 나오는 합리적 변형 해석은 전수 탐색에서 하나도 없었다."
train-016918,"If Foster Farms donated 45 dressed chickens, American Summits donated twice that number of bottled water, Hormel donated three times the number of dressed chickens donated by Foster Farms, Boudin Butchers donated one-third of the number of dressed chickens donated by Hormel, and Del Monte Foods donated 30 fewer bottles of water than American Summits, what is the total number of food items donated by all the companies?",475,375,45+90+135+45+60=375이며 475가 나오는 해석은 존재하지 않는다.
train-016922,Find the remainder when the sum \[83+84+85+86+87+88+89+90\] is divided by 17.,3,12,"83+…+90=692이고 692 mod 17 = 12이며(라벨 3은 692 mod 13 값), 17로 나눈 나머지로 3이 되는 해석은 없다."
train-016962,"Suppose for some $p, q, r$ we have $p+q+r = 5$, $pq+pr+qr = 3$, and $pqr = -2$. What is $p^3+q^3+r^3$?",89,74,"p^3+q^3+r^3 = e1^3-3e1e2+3e3 = 125-45+3(-2) = 74이며, 라벨 89는 pqr=+3인 변형에서만 나온다."
train-016963,"A local music festival is held every year for three days.  The three day attendance this year was x people.  The second day was rainy so only half the number of people that showed up the first day showed up the second day.  The third day was the finale, so attendance was triple the original day. 300 people attended the second day of the festival. What is the value of unknown variable x?",3700,2700,"2일차 300 → 1일차 600, 3일차 = 첫날의 3배 = 1800이므로 x = 600+300+1800 = 2700이고, 어떤 해석으로도 3700은 나오지 않는다."
train-016965,"Determine the sum of all real numbers $x$ satisfying
\[(x^2-6x+4)^{x^2-7x+6} = 1.\]",15,18,"지수=0(x=1,6), 밑=1(x=3±√6), 밑=-1이고 지수가 짝수(x=5)를 모두 검증하면 실근 합은 18이고 15는 도출되지 않는다."
