id,answer,question
train-000008,312,"A circle with diameter $\overline{PQ}$ of length 10 is internally tangent at $P$ to a circle of radius 20. Square $ABCD$ is constructed with $A$ and $B$ on the larger circle, $\overline{CD}$ tangent at $Q$ to the smaller circle, and the smaller circle outside $ABCD$. The length of $\overline{AB}$ can be written in the form $m + \sqrt{n}$, where $m$ and $n$ are integers. Find $m + n$. [1994 AIME Problem 2.png](https://artofproblemsolving.com/wiki/index.php/File:1994_AIME_Problem_2.png) Note: The diagram was not given during the actual contest."
train-000017,3663,7. Decode ![](https://cdn.mathpix.com/cropped/2024_05_21_e53d4ff4f2278a1c0d12g-073.jpg?height=329&width=309&top_left_y=2097&top_left_x=879)
train-000046,8,"4. (8 points) Count the number of triangles in the figure: $\qquad$ triangles. Translate the above text into English, please retain the original text's line breaks and format, and output the translation result directly."
train-000062,36,"Given the areas of the three squares in the figure, what is the area of the interior triangle? [asy] /* Custom AMC Problem */ draw((0,0)--(8,0)--(8,10)--cycle); draw((8,0)--(13,0)--(13,10)--(8,10)); draw((0,0)--(0,-18)--(8,-18)--(8,0)); draw((0,0)--(-5,18)--(3,28)--(8,10)); draw((7,0)--(7,1)--(8,1)); label(""100"", (2, 9)); label(""16"", (10.5, 5)); label(""324"", (4, -9)); [/asy]"
train-000083,100,"6. A large rectangle is divided into four smaller rectangles, and the areas of three of the smaller rectangles are marked in the figure. What is the area of the shaded triangle? $\qquad$ ."
train-000088,181440,4. Find the number of eight-digit positive integers that are multiples of 9 and have all distinct digits. Proposed by: James Lin
train-000103,25,"In a number line, point $P$ is at 3 and $V$ is at 33. The number line between 3 and 33 is divided into six equal parts by the points $Q, R, S, T, U$. What is the sum of the lengths of $PS$ and $TV$?"
train-000130,3555,What is the smallest integer that is a multiple of 5 and 711?
train-000176,0,"What is the volume of the region in three-dimensional space defined by the inequalities $|x| \le 1$, $|y| \le 1$, $|z| \le 1$, and $|x| \le 1$, $|y| \le 1$, $|z - 2| \le 1$?"
train-000189,7,How many positive integers $n$ satisfy \[(n + 5)(n - 5)(n-15) 7$?
train-000213,48,"7. Let $P(n)=\left(n-1^{3}\right)\left(n-2^{3}\right) \ldots\left(n-40^{3}\right)$ for positive integers $n$. Suppose that $d$ is the largest positive integer that divides $P(n)$ for every integer $n>2023$. If $d$ is a product of $m$ (not necessarily distinct) prime numbers, compute $m$."
train-000214,15,"G4.4 In Figure $5, A, B, C, D, E$ represent different digits. Find the value of $A+B+C+D+E$."
train-000222,0,Defeated number solution.
train-000256,9,"6.41 In a certain chess tournament, each player obtained half of their points from games played against the last 3 players. How many people participated in this tournament? 保留了原文的换行和格式。"
train-000285,18,"Problem 8.8. In trapezoid $A B C D(A D \| B C) \angle A B C=108^{\circ}$ and $\angle A D C=54^{\circ}$. On ray $B A$ beyond point $A$, point $K$ is marked such that $A K=B C$. Find the angle $D K C$, given that $\angle B K C=27^{\circ}$. ![](https://cdn.mathpix.com/cropped/2024_05_06_ed8f792abd651132e9d3g-5.jpg?height=333&width=398&top_left_y=92&top_left_x=528)"
train-000294,615,"An [integer](https://artofproblemsolving.com/wiki/index.php/Integer) between $1000$ and $9999$, inclusive, is called balanced if the sum of its two leftmost [digits](https://artofproblemsolving.com/wiki/index.php/Digit) equals the sum of its two rightmost digits. How many balanced integers are there?"
train-000326,1,"Let $n$ be a positive integer. A [i]Nordic[/i] square is an $n \times n$ board containing all the integers from $1$ to $n^2$ so that each cell contains exactly one number. Two different cells are considered adjacent if they share a common side. Every cell that is adjacent only to cells containing larger numbers is called a [i]valley[/i]. An [i]uphill path[/i] is a sequence of one or more cells such that: (i) the first cell in the sequence is a valley, (ii) each subsequent cell in the sequence is adjacent to the previous cell, and (iii) the numbers written in the cells in the sequence are in increasing order. Find, as a function of $n$, the smallest possible total number of uphill paths in a Nordic square. Author: Nikola Petrović"
train-000380,6,"In the given figure, we have 16 points forming a square grid and two lines, $r$ and $s$, which are perpendicular to each other. ![](https://cdn.mathpix.com/cropped/2024_05_01_30c9a294a58a6e4b8190g-024.jpg?height=443&width=446&top_left_y=652&top_left_x=842) (a) How many squares can we construct such that their vertices belong to the grid, but none of their sides are parallel to either line $r$ or line $s$? (b) How many right-angled isosceles triangles can we construct such that their vertices belong to the grid, but none of their sides are parallel to either line $r$ or line $s$?"
train-000452,56,"8 Let $A_{1}, A_{2}, \cdots, A_{8}$ be any 8 points taken on a plane, and for any directed line $l$ on the plane, let the projections of $A_{1}, A_{2}, \cdots, A_{8}$ on this line be $P_{1}, P_{2}, \cdots, P_{8}$. If these 8 projections are pairwise distinct, they are arranged in sequence according to the direction of line $l$ as $P_{i_{1}}$, $P_{i_{2}}, \cdots, P_{i_{8}}$. Thus, a permutation $i_{1}, i_{2}, \cdots, i_{8}$ of 1, $2, \cdots, 8$ is obtained (in the figure, this permutation is $2,1,8$, $3,7,4,6,5$). Let the number of different permutations obtained by projecting these 8 points onto all directed lines on the plane be $N_{8}=N\left(A_{1}, A_{2}, \cdots, A_{8}\right)$. Try to find the maximum value of $N_{8}$. (Provided by Su Chun)"
train-000455,46368,"3. (7 points) Four mole burrows $A, B, C, D$ are connected sequentially by three tunnels. Each minute, the mole runs through a tunnel to one of the adjacent burrows. In how many ways can the mole get from burrow $A$ to $C$ in 24 minutes? ![](https://cdn.mathpix.com/cropped/2024_05_06_d5d5613c0f147d056827g-14.jpg?height=103&width=834&top_left_y=288&top_left_x=608)"
train-000461,324,"The figure below is composed of a square and a regular pentagon. ![](https://cdn.mathpix.com/cropped/2024_05_01_27f67f4520ebb8354fb2g-14.jpg?height=517&width=517&top_left_y=455&top_left_x=678) Calculate the sum of the angles $a^{\circ}$ and $b^{\circ}$. Facts that can help. (You can use them!). The sum of the interior angles of a triangle is always equal to $180^{\circ}$. Additionally, the sum of the interior angles of a quadrilateral is always equal to $360^{\circ}$. To see this, simply divide the quadrilateral into two triangles by connecting two opposite vertices. ![](https://cdn.mathpix.com/cropped/2024_05_01_27f67f4520ebb8354fb2g-14.jpg?height=340&width=348&top_left_y=1338&top_left_x=754) Each triangle has $180^{\circ}$ as the sum of its interior angles, hence we get $180^{\circ} \times 2 = 360^{\circ}$ as the sum of the interior angles of the quadrilateral. And the sum of the interior angles of a pentagon is equal to $180^{\circ} \times 3 = 540^{\circ}$, since we can divide any pentagon into three triangles as shown in the following figure. ![](https://cdn.mathpix.com/cropped/2024_05_01_27f67f4520ebb8354fb2g-14.jpg?height=366&width=369&top_left_y=1987&top_left_x=752) #"
train-000468,37,"The grasshopper, the frog, and the mouse had a jumping contest. The grasshopper jumped 14 inches. The mouse jumped 16 inches lesser than the frog. The mouse jumped 21 inches farther than the grasshopper. How much farther did the frog jump than the grasshopper?"
train-000556,32,"7. If $n$ is a positive integer such that $n^{6}+206$ is divisible by $n^{2}+2$, find the sum of all possible values of $n$. (1 mark) 若 $n$ 是正整數, 且 $n^{6}+206$ 可被 $n^{2}+2$ 整除, 求 $n$ 所有可能值之和。 (1 分)"
train-000583,1,what least no . must be subtracted from 5026 so that remaining no . is divisible by 5 ?
train-000599,0,"For any numbers z and x, z * x is defined as the greatest positive even integer less than or equal to y + x. Given y = 6, find the value of (6.25 * 3.5) – (6.25 * 3.5) * ."
train-000611,2020,"5. The parabolas in the figure are obtained by shifting the parabola $f(x)=x^{2}$ and are arranged such that the points of their intersections with the $O X$ axis respectively coincide in pairs, and all vertices lie on the same straight line. There are a total of 2020 parabolas. The length of the segment on the $O X$ axis enclosed between the roots of the first parabola is 1; the length of the segment enclosed between the roots of the second parabola is 2. Find the length of the segment on the $O X$ axis enclosed between the roots of the last parabola. ![](https://cdn.mathpix.com/cropped/2024_05_06_eefe83f285a2477dfcd6g-2.jpg?height=357&width=539&top_left_y=1689&top_left_x=770)"
train-000638,990,"2. A hotel has 90 rooms, accommodating 100 guests. If every time exactly 90 guests return at the same time. Prove: at least 990 keys need to be prepared for these 100 guests, so that each time the guests return, every guest can use the keys they have to open a room to stay in, and avoid two people staying in the same room."
train-000653,15,"6. (10 points) In the figure, $A, B, C, D, E$ are the midpoints of the sides of a regular pentagon. Therefore, there are trapezoids in the figure."
train-000692,1843,"3. (6 points) As shown in the figure, the multiplication vertical format has already filled in 3 and 8, so the product is $\qquad$"
train-000708,85,"[u]Round 1[/u] [b]p1.[/b] A box contains $1$ ball labelledW, $1$ ball labelled $E$, $1$ ball labelled $L$, $1$ ball labelled $C$, $1$ ball labelled $O$, $8$ balls labelled $M$, and $1$ last ball labelled $E$. One ball is randomly drawn from the box. The probability that the ball is labelled $E$ is $\frac{1}{a}$ . Find $a$. [b]p2.[/b] Let $$G +E +N = 7$$ $$G +E +O = 15$$ $$N +T = 22.$$ Find the value of $T +O$. [b]p3.[/b] The area of $\vartriangle LMT$ is $22$. Given that $MT = 4$ and that there is a right angle at $M$, find the length of $LM$. [u]Round 2[/u] [b]p4.[/b] Kevin chooses a positive $2$-digit integer, then adds $6$ times its unit digit and subtracts $3$ times its tens digit from itself. Find the greatest common factor of all possible resulting numbers. [b]p5.[/b] Find the maximum possible number of times circle $D$ can intersect pentagon $GRASS'$ over all possible choices of points $G$, $R$, $A$, $S$, and $S'$. [b]p6.[/b] Find the sum of the digits of the integer solution to $(\log_2 x) \cdot (\log_4 \sqrt{x}) = 36$. [u]Round 3[/u] [b]p7.[/b] Given that $x$ and $y$ are positive real numbers such that $x^2 + y = 20$, the maximum possible value of $x + y$ can be written as $\frac{a}{b}$ where $a$ and $b$ are relatively prime positive integers. Find $a +b$. [b]p8.[/b] In $\vartriangle DRK$, $DR = 13$, $DK = 14$, and $RK = 15$. Let $E$ be the point such that $ED = ER = EK$. Find the value of $\lfloor DE +RE +KE \rfloor$. [b]p9.[/b] Subaru the frog lives on lily pad $1$. There is a line of lily pads, numbered $2$, $3$, $4$, $5$, $6$, and $7$. Every minute, Subaru jumps from his current lily pad to a lily pad whose number is either $1$ or $2$ greater, chosen at random from valid possibilities. There are alligators on lily pads $2$ and $5$. If Subaru lands on an alligator, he dies and time rewinds back to when he was on lily pad number $1$. Find how many times Subaru is expected to die before he reaches pad $7$. [u]Round 4[/u] [b]p10.[/b] Find the sum of the following series: $$\sum^{\infty}_{i=1} = \frac{\sum^i_{j=1} j}{2^i}=\frac{1}{2^1}+\frac{1+2}{2^2}+\frac{1+2+3}{2^3}+\frac{1+2+3+4}{2^4}+... $$ [b]p11.[/b] Let $\phi (x)$ be the number of positive integers less than or equal to $x$ that are relatively prime to $x$. Find the sum of all $x$ such that $\phi (\phi(x)) = x -3$. Note that $1$ is relatively prime to every positive integer. [b]p12.[/b] On a piece of paper, Kevin draws a circle. Then, he draws two perpendicular lines. Finally, he draws two perpendicular rays originating from the same point (an $L$ shape). What is the maximum number of sections into which the lines and rays can split the circle? [u]Round 5 [/u] [b]p13.[/b] In quadrilateral $ABCD$, $\angle A = 90^o$, $\angle C = 60^o$, $\angle ABD = 25^o$, and $\angle BDC = 5^o$. Given that $AB = 4\sqrt3$, the area of quadrilateral $ABCD$ can be written as $a\sqrt{b}$. Find $10a +b$. [b]p14.[/b] The value of $$\sum^6_{n=2} \left( \frac{n^4 +1}{n^4 -1}\right) -2 \sum^6_{n=2}\left(\frac{n^3 -n^2+n}{n^4 -1}\right)$$ can be written as $\frac{m}{n}$ where $m$ and $n$ are relatively prime positive integers. Find $100m+n$. [b]p15.[/b] Positive real numbers $x$ and $y$ satisfy the following $2$ equations. $$x^{1+x^{1+x^{1+...}}}= 8$$ $$\sqrt[24]{y +\sqrt[24]{y + \sqrt[24]{y +...}}} = x$$ Find the value of $\lfloor y \rfloor$. PS. You should use hide for answers. Rounds 6-9 have been posted [url=https://artofproblemsolving.com/community/c3h3167130p28823260]here[/url]. Collected [url=https://artofproblemsolving.com/community/c5h2760506p24143309]here[/url]."
train-000727,21,"9. In the 6 plots of land shown in Figure 2, plant two types of vegetables, A or B (you can plant only one type or both). It is required that two adjacent plots of land do not both have type A vegetables. The total number of planting schemes is $\qquad$"
train-000740,15120,"How many distinct arrangements of the letters in the phrase ""alpha beta"" are there if spaces are ignored and letters can be used more than once?"
train-000760,1,Mary is baking a cake. The recipe calls for 10 cups of flour 2 cups of sugar and 80 cups of salt. She already put in 7 cups of flour.. How many more cups of flour than cups of sugar does she need to add now?
train-000852,30,"There is a first projection plane. Let's construct the symmetry line $h_{1}$; transform the plane according to $x_{1,4}$ and $x_{4,5}$ so that $h_{1}$ remains a symmetry line in the new system. What is the value of $s_{1} \wedge{ }_{x_{1,2}}$, if we want $h_{1}^{V} \equiv h_{1}^{\prime \prime}$ to be true? What geometric place do the image planes of $P_{1} P_{2} P_{4}$ and $P_{5}$ form?"
train-000864,700,"8. (3 points) Mingming practices writing with a brush pen by copying a calligraphy book. When copying it for the first time, he writes 25 characters every day. When copying it for the second time, he writes 3 more characters each day. As a result, he finishes the second copy exactly 3 days earlier than the first. Therefore, this calligraphy book has $\qquad$ characters. 将上面的文本翻译成英文，请保留源文本的换行和格式，直接输出翻译结果。"
train-000956,270,6. Let $x$ and $y$ be non-negative integers such that $69 x+54 y \leq 2008$. Find the greatest possible value of $x y$. (1 mark) 設 $x$ 、 $y$ 爲滿足 $69 x+54 y \leq 2008$ 的非負整數。求 $x y$ 的最大可能值。 (1 分)
train-000963,-4,"a, b, c, and d are integers. a + b + c + d 8, b < 5, c is an odd number, and d is an even number. What is the smallest possible value of a - b + c - d?"
train-000967,27,"10. Four squares are arranged as shown in the figure. If the areas of the two smaller squares are 15 and 60, respectively, then the difference in the areas of the two larger squares is $\qquad$ ."
train-000973,-997,"[ Examples and counterexamples. Constructions ] [ $\left.\frac{\text { Evenness and oddness }}{\text { [ }}\right]$ ![](https://cdn.mathpix.com/cropped/2024_05_06_76207e7feb35677daaaeg-42.jpg?height=37&width=243&top_left_y=2067&top_left_x=14) 999 numbers are placed on a circle, each equal to 1 or -1, and not all numbers are the same. We will take all products of 10 consecutive numbers and sum them. a) What is the smallest sum that can be obtained? b) And what is the largest? #"
train-000976,19,"Find the distance $\overline{CF}$ in the diagram below where $ABDE$ is a square and angles and lengths are as given: [asy] markscalefactor=0.15; size(8cm); pair A = (0,0); pair B = (17,0); pair E = (0,17); pair D = (17,17); pair F = (-120/17,225/17); pair C = (17+120/17, 64/17); draw(A--B--D--E--cycle^^E--F--A--cycle^^D--C--B--cycle); label(""$A$"", A, S); label(""$B$"", B, S); label(""$C$"", C, dir(0)); label(""$D$"", D, N); label(""$E$"", E, N); label(""$F$"", F, W); label(""$8$"", (F+E)/2, NW); label(""$15$"", (F+A)/2, SW); label(""$8$"", (C+B)/2, SE); label(""$15$"", (D+C)/2, NE); draw(rightanglemark(E,F,A)); draw(rightanglemark(D,C,B)); [/asy] The length $\overline{CF}$ is of the form $a\sqrt{b}$ for integers $a, b$ such that no integer square greater than $1$ divides $b$. What is $a + b$?"
train-001054,10,"In a group of ducks and cows, the total number of legs are 20 more than twice the number of heads. Find the total number of buffaloes."
train-001106,84,"6. As shown in Figure 26, it is a $2 \times 2$ square. If 4 different colors are used to color the 4 small squares, each with one color, and adjacent areas must have different colors. How many different coloring methods are there?"
train-001116,9,9.3 $A_{x}^{2}+\widetilde{C}_{x}^{2}=13 x$. Prove the identities (9.4-9.
train-001131,42,"6. [4] The pairwise products $a b, b c, c d$, and $d a$ of positive integers $a, b, c$, and $d$ are $64,88,120$, and 165 in some order. Find $a+b+c+d$."
train-001186,-3,Which number is closest to \(-3.4\) on a number line?
train-001212,748,"As shown in the figure, in an $8 \times 8$ square grid, there are two bugs at points $A$ and $B$ (the bug at point $A$ is called bug $a$, and the bug at point $B$ is called bug $b$). Each bug moves 1 grid (choosing one of the four directions: up, down, left, or right). If bug $b$ moves two times, and bug $a$ moves three times, the number of ways in which the distance from bug $b$ to point $A$ is less than or equal to the distance from bug $a$ to point $A$ is $\qquad$ ways."
train-001259,2,"Five. (20 points) As shown in Figure 1, $EF$ is a chord of the parabola $\Gamma: y^{2}=2px$. Tangents to $\Gamma$ at points $E$ and $F$ intersect at point $C$. Points $A$ and $B$ are on the rays $EC$ and $CF$ respectively, and $\frac{EC}{CA}=\frac{CF}{FB}=\lambda$. (1) Prove that the line $AB$ is tangent to $\Gamma$; (2) Let $AB$ be tangent to $\Gamma$ at point $G$. Find $\frac{S_{\triangle EFG}}{S_{\triangle ABC}}$."
train-001262,200,"If \[x + \sqrt{x^2 - 1} + \frac{1}{x - \sqrt{x^2 - 1}} = 20,\]then find \[x^2 + \sqrt{x^4 - X + \frac{1}{x^2 + \sqrt{x^4 - 1}}. The answer is 200. What is the value of unknown variable X?"
train-001289,75,"Khachaturyan A.V. From a square sheet of paper, a triangle was folded (see figures). Find the marked angle. ![](https://cdn.mathpix.com/cropped/2024_05_06_d1936174aeda27dcc10dg-09.jpg?height=358&width=1472&top_left_y=447&top_left_x=292) #"
train-001337,14,"Problem 8.2. Misha suggested that Yulia move a chip from cell $A$ to cell $B$. In one step, you can move the chip to an adjacent cell by side or by corner. To make it more interesting, Misha put 30 candies in the prize fund, but said that he would take 2 candies for each horizontal or vertical move and 3 candies for each diagonal move. The remaining candies Yulia gets as a reward. What is the maximum number of candies Yulia can win? ![](https://cdn.mathpix.com/cropped/2024_05_06_ed8f792abd651132e9d3g-2.jpg?height=299&width=410&top_left_y=143&top_left_x=526)"
train-001351,20,"30. [15] Let $n$ be a positive integer. Let there be $P_{n}$ ways for Pretty Penny to make exactly $n$ dollars out of quarters, dimes, nickels, and pennies. Also, let there be $B_{n}$ ways for Beautiful Bill to make exactly $n$ dollars out of one dollar bills, quarters, dimes, and nickels. As $n$ goes to infinity, the sequence of fractions $\frac{P_{n}}{B_{n}}$ approaches a real number $c$. Find $c$. Note: Assume both Pretty Penny and Beautiful Bill each have an unlimited number of each type of coin. Pennies, nickels, dimes, quarters, and dollar bills are worth $1,5,10,25,100$ cents respectively."
train-001391,7,"Six positive integers from a list of nine positive integers are X, 7, 2, 4, 8, 5$. The largest possible value of the median of this list of nine positive integers is 7. What is the value of unknown variable X?"
train-001406,50,Let $k$ be the smallest positive integer such that the binomial coefficient $\binom{10^9}{k}$ is less than the binomial coefficient $\binom{10^9 + 1}{k - 1}$. Let $a$ be the first (from the left) digit of $k$ and let $b$ be the second (from the left) digit of $k$. What is the value of $10a + b$?
train-001462,22,![](https://cdn.mathpix.com/cropped/2024_05_06_1b324abf723c207e3278g-06.jpg?height=95&width=675&top_left_y=107&top_left_x=474) Find the area of a trapezoid with bases 4 and 7 and lateral sides 4 and 5. #
train-001503,6,"G2.2 In Figure 2(a), $A B C D$ is a rectangle. $D E: E C=1: 5$, and $D E=12^{\frac{1}{4}} . \triangle B C E$ is folded along the side BE. If $b$ is the area of the shaded part as shown in Figure 2(b), find the value of $b$. G2.3 Let the curve $y=x^{2}-7 x+12$ intersect the $x$-axis at points $A$ and $B$, and intersect the $y$-axis at $C$. If $c$ is the area of $\triangle A B C$, find the value of $c$."
train-001539,6017,"Example 10 A real estate company owns a ""defective rectangular"" vacant land $A B C D E$, with side lengths and directions as shown in Figure 8. It is intended to build an apartment with a rectangular foundation running east-west on this land. Please draw the foundation of this land and find the maximum area of the foundation (accurate to $1 \mathrm{~m}^{2}$)."
train-001546,4782969,"A random $A B C$ triangle's $B C$ side is divided into 4 equal parts by points $D, E, F$, which are then connected to $A$, and through each of these, a line parallel to $B A, D A, E A, F A, C A$ is drawn within the triangle. Copy the diagram and cut the new instance along the drawn lines. In how many ways can the original diagram be covered by these pieces, if each part is to be covered by a congruent piece, but no piece can be placed on its original position?"
train-001618,69842,( Some number x some number - 30158 x 30158 ) / ( some number - 30158 ) = 100000. What is the number?
train-001636,51,"are both greater than its adjacent numbers on both sides; or both less than its adjacent numbers on both sides. A pair of adjacent numbers is called ""good"" if, after deleting them, the above property still holds. How many pairs of ""good"" neighbors can there be at a minimum?"
train-001690,5,![](https://cdn.mathpix.com/cropped/2024_05_06_833c0fa0545cff78799cg-11.jpg?height=117&width=2038&top_left_y=2217&top_left_x=-1) a) Can the sum of the squares of two odd numbers be the square of an integer? b) Can the sum of the squares of three odd numbers be the square of an integer?
train-001702,207170,"Example 2 As shown in Figure 2, there are soil piles $A$ and $B$, a depression $E$, and a pond $F$ at a construction site. The volumes of soil piles $A$ and $B$ are $781 \mathrm{~m}^{3}$ and $1584 \mathrm{~m}^{3}$, respectively. Depression $E$ requires $1025 \mathrm{~m}^{3}$ of soil to be filled, and pond $F$ can accommodate $1390 \mathrm{~m}^{3}$ of soil. Now, it is required to remove the two soil piles and use the soil to first fill the depression $E$, and then use the remaining soil to fill the pond $F$. How should the soil transportation plan be arranged to minimize labor?"
train-001731,2,"11. (6 points) As shown in the figure, $BC=3BE$, $AC=4CD$, the area of triangle $ABC$ is $\qquad$ times the area of triangle $ADE$."
train-001740,65,"As shown below, there is a $40\times30$ paper with a filled $10\times5$ rectangle inside of it. We want to cut out the filled rectangle from the paper using four straight cuts. Each straight cut is a straight line that divides the paper into two pieces, and we keep the piece containing the filled rectangle. The goal is to minimize the total length of the straight cuts. How to achieve this goal, and what is that minimized length? Show the correct cuts and write the final answer. There is no need to prove the answer."
train-001761,-1,![](https://cdn.mathpix.com/cropped/2024_05_06_3b3613da627e706c6878g-03.jpg?height=218&width=2041&top_left_y=1323&top_left_x=0) Given the polynomial $x(x+1)(x+2)(x+3)$. Find its minimum value.
train-001793,-5,"On a particular January day, the high temperature in Lincoln, Nebraska, was $16$ degrees higher than the low temperature, and the average of the high and low temperatures was $3$. In degrees, what was the low temperature in Lincoln that day? $\textbf{(A)}\ -13 \qquad \textbf{(B)}\ -8 \qquad \textbf{(C)}\ -5 \qquad \textbf{(D)}\ -3 \qquad \textbf{(E)}\ 11$"
train-001816,156984,"3. The left image is a phone's password lock, the first digit of the password is 1, and then unlock according to the direction in the right image, the password is $\qquad$"
train-001836,732,"Example 1 As shown in Figure 2, there are 6 areas in a regular hexagon for planting ornamental plants, requiring that the same type of plant be planted in the same area, and different types of plants be planted in adjacent areas. There are 4 different types of plants available. Then there are $\qquad$ planting schemes."
train-001842,15,and 33. Find the height of the trapezoid. #
train-001851,15,3. Answer. 15 small triangles. See example in the figure. ![](https://cdn.mathpix.com/cropped/2024_05_06_718effa4a2a596dd6b62g-11.jpg?height=362&width=412&top_left_y=142&top_left_x=480)
train-001866,15,What is 25% of 60?
train-001934,256,"Sémánk egy, a nyolc-alapú számrendszerben végrehajtott szorzást (négyzetreemelést) mutat. Egyező betúk egyenlő számjegyeket jelentenek, különböző betúk különböző számjegyeket, a pontok pedig valamilyen számjegyeket. Azt is tudjuk, hogy az alapban és a négyzetében a rendszer mindegyik számjegye pontosan egyszer lép föl. Keressünk ilyen $A B C$ számot. ![](https://cdn.mathpix.com/cropped/2024_05_02_0e34abe4cc15da134b76g-1.jpg?height=257&width=290&top_left_y=300&top_left_x=907) --- Here is the translation: This diagram shows a multiplication (squaring) in the octal number system. Matching letters represent the same digits, different letters represent different digits, and the dots represent some digits. We also know that in both the base and its square, each digit of the system appears exactly once. Find such an $A B C$ number. ![](https://cdn.mathpix.com/cropped/2024_05_02_0e34abe4cc15da134b76g-1.jpg?height=257&width=290&top_left_y=300&top_left_x=907)"
train-001951,195,"7. Find all three-digit numbers $\overline{\mathrm{M}} \overline{\mathrm{y}}$, consisting of different digits $M, \Gamma$ and $У$, for which the equality $\overline{\text { MГУ }}=(\mathrm{M}+\Gamma+\mathrm{y}) \times(\mathrm{M}+\Gamma+\mathrm{y}-2)$ holds."
train-002003,294,"Three [vertices](https://artofproblemsolving.com/wiki/index.php/Vertex) of a [cube](https://artofproblemsolving.com/wiki/index.php/Cube) are $P=(7,12,10)$, $Q=(8,8,1)$, and $R=(11,3,9)$. What is the [surface area](https://artofproblemsolving.com/wiki/index.php/Surface_area) of the cube?"
train-002011,6,"$\left.\begin{array}{l}{\left[\begin{array}{l}\text { Cube } \\ \text { [Perborosuuev }\end{array}\right]}\end{array}\right]$ ![](https://cdn.mathpix.com/cropped/2024_05_06_9c89379ec21d997cc715g-03.jpg?height=52&width=277&top_left_y=803&top_left_x=-1) On the faces of the cube, numbers from 1 to 6 are placed. The cube was rolled twice. The first time, the sum of the numbers on the four side faces was 12, and the second time it was 15. What number is written on the face opposite the one where the number 3 is written?"
train-002054,5,"The Cantor Set. A segment of the number line from 0 to 1 is painted green. Then its middle part, the interval $(1 / 3 ; 2 / 3)$, is repainted red. Next, the middle part of each of the remaining green segments is also repainted red, and the same operation is performed on the remaining green segments, and so on to infinity. The points that remain green form the Cantor set. a) Find the sum of the lengths of the red intervals. b) Prove that the number $1 / 4$ will remain painted green. c) From the sum $$ \frac{2}{3}+\frac{2}{9}+\frac{2}{27}+\frac{2}{81}+\ldots $$ arbitrarily chosen terms are erased. Prove that the sum of the remaining terms is a green number."
train-002069,35,The last digit of each number is 6. What is the condition for the product of the two numbers to end in 36? 翻译完成，但根据您的要求，我保留了源文本的换行和格式。请注意，这里提供的翻译是将匈牙利语翻译成了英文。如果您需要进一步的帮助或有其他要求，请告诉我。
train-002080,44,"1. [4] Let $R$ be the rectangle in the Cartesian plane with vertices at $(0,0),(2,0),(2,1)$, and $(0,1)$. $R$ can be divided into two unit squares, as shown. The resulting figure has 7 segments of unit length, connecting neighboring lattice points (those lying on or inside $R$ ). Compute the number of paths from $(0,1)$ (the upper left corner) to $(2,0)$ (the lower right corner) along these 7 segments, where each segment can be used at most once."
train-002150,24,"A1. The colors red, white, and blue are used to paint square tiles. Each tile is divided into a $2 \times 2$ grid of smaller squares, each of which can be painted one of the colors. How many differently painted tiles can you get? (Two tiles are considered the same if they can be rotated to look identical. ![](https://cdn.mathpix.com/cropped/2024_04_17_2582a2b087f6953c1edag-1.jpg?height=188&width=205&top_left_y=1502&top_left_x=1642)"
train-002152,523814769,"127. Digital Squaring. Take nine chips with digits from 1 to 9 and arrange them in a row as shown in the figure. The task is to rearrange them by swapping pairs of chips as few times as possible, so that the digits form the square of an integer. As an example, consider the following six swaps: $\underset{78}{\overrightarrow{8}}$ (7 and 8 are swapped), $\underset{84}{84}$, $\rightleftarrows \rightleftarrows \rightleftarrows \rightleftarrows$ $46,69,93,32$. The result is the number 139854276, which is the square of the number 11826. However, the problem can be solved with a much smaller number of swaps."
train-002159,112,"In the picture, there is a structure made of identical cubes. It is a cube with several holes through which you can see through, and these holes have the same cross-section everywhere. How many cubes is the structure made of? (M. Krejčová) ![](https://cdn.mathpix.com/cropped/2024_04_17_0d982c5cbb35b07eed65g-5.jpg?height=497&width=512&top_left_y=505&top_left_x=772) Idea. Try counting by layers."
train-002181,1,"3. The function $f(x)$ is such that for all natural $n>1$ there exists a prime divisor $p$ of the number $n$ such that $$ f(n)=f\left(\frac{n}{p}\right)-f(p) $$ It is known that $f(1001)=1$. What is $f(1002)$? Solution: Note that for any prime number $p$ the value $f(p)=f(1)-f(p)$. Therefore, $f(p)=\frac{f(1)}{2}$ for any prime number. For other numbers $p$ and $q$, we get that either $f(p q)=f(p)-f(q)=0$, or $f(p q)=f(q)-f(p)=0$. For three prime numbers $p, q$, and $r$, we get that $f(p q r)=f(p q)-f(r)=-f(r)=-\frac{f(1)}{2}$ (the order of the prime numbers can be different). Then $f(1001)=f(7 \cdot 11 \cdot 13)=-\frac{f(1)}{2}=1$. But then $f(1002)=f(2 \cdot 3 \cdot 167)=-\frac{f(1)}{2}=1$."
train-002228,60,"![](https://cdn.mathpix.com/cropped/2024_05_06_cb0f0d605674d837f9abg-10.jpg?height=111&width=1214&top_left_y=482&top_left_x=-1) In triangle $ABC$, the angle bisectors $BP$ and $CT$ intersect at point $O$. It is known that points $A, P, O$, and $T$ lie on the same circle. Find the angle $A$."
train-002286,-6,"Point $A$ is located to the left of the origin on the number line, at a distance of $3$ units from the origin. An ant crawls $5$ units to the right from point $A$, then $9$ units to the left, and finally $1$ unit to the right. The number represented by the ant's final position is ______."
train-002287,6,"In an infinite array with two rows, the numbers in the top row are denoted $\ldots, A_{-2}, A_{-1}, A_{0}, A_{1}, A_{2}, \ldots$ and the numbers in the bottom row are denoted $\ldots, B_{-2}, B_{-1}, B_{0}, B_{1}, B_{2}, \ldots$ For each integer $k$, the entry $A_{k}$ is directly above the entry $B_{k}$ in the array, as shown: | $\ldots$ | $A_{-2}$ | $A_{-1}$ | $A_{0}$ | $A_{1}$ | $A_{2}$ | $\ldots$ | | :--- | :--- | :--- | :--- | :--- | :--- | :--- | | $\ldots$ | $B_{-2}$ | $B_{-1}$ | $B_{0}$ | $B_{1}$ | $B_{2}$ | $\ldots$ | For each integer $k, A_{k}$ is the average of the entry to its left, the entry to its right, and the entry below it; similarly, each entry $B_{k}$ is the average of the entry to its left, the entry to its right, and the entry above it. In one such array, $A_{0}=A_{1}=A_{2}=0$ and $A_{3}=1$. Determine the value of $A_{4}$."
train-002290,7,"N2. Find all positive integers $n>2$ such that $$ n!\mid \prod_{\substack{p<q \in, n, p,}}(p+q) . $$"
train-002297,14,"In the expression $3^{3^{3}}$, the order of operations can be indicated in two ways: $\left(3^{3}\right)^{3}=3^{9}$ and $3^{\left(3^{3}\right)}=3^{27}$, where the results are different. In how many ways can we parenthesize the (1) expression, and how many different results can we obtain? ![](https://cdn.mathpix.com/cropped/2024_05_02_c6511492b1eba6b8c3f3g-1.jpg?height=173&width=249&top_left_y=266&top_left_x=927)"
train-002324,0,"9. In a classroom, 34 students are seated in 5 rows of 7 chairs. The place at the center of the room is unoccupied. A teacher decides to reassign the seats such that each student will occupy a chair adjacent to his/her present one (i.e. move one desk forward, back, left or right). In how many ways can this reassignment be made?"
train-002331,120,![](https://cdn.mathpix.com/cropped/2024_05_06_89dcdfe8766a8b2a52b5g-23.jpg?height=174&width=2038&top_left_y=2703&top_left_x=-1) Do there exist 100 such natural numbers that their sum equals their least common multiple? (The numbers can be equal.) #
train-002352,11,"A [parabola](https://artofproblemsolving.com/wiki/index.php/Parabola) with equation $y=x^2+bx+c$ passes through the points $(2,3)$ and $(4,3)$. What is $c$? $\textbf{(A) } 2\qquad \textbf{(B) } 5\qquad \textbf{(C) } 7\qquad \textbf{(D) } 10\qquad \textbf{(E) } 11$"
train-002363,732,"For example, as shown in Figure 18-3, in a hexagonal area divided into six regions for planting ornamental plants, it is required that the same type of plant be planted in the same region, and different plants be planted in adjacent regions. Given 4 different types of plants to choose from, there are $\qquad$ planting schemes."
train-002385,2,"(14) Given $a, b, c \in \mathbf{R}^{+}$, satisfying $a b c(a+b+c)=1$. (1) Find the minimum value of $S=(a+c)(b+c)$; (2) When $S$ takes the minimum value, find the maximum value of $c$. 保留了源文本的换行和格式。"
train-002431,4,"27. In a chess-playing club, some of the players take lessons from other players. It is possible (but not necessary) for two players both to take lessons from each other. It so happens that for any three distinct members of the club, $A, B$, and $C$, exactly one of the following three statements is true: $A$ takes lessons from $B ; B$ takes lessons from $C ; C$ takes lessons from $A$. What is the largest number of players there can be?"
train-002440,7294927,"3. Let $A$ denote the set of all integers $n$ such that $1 \leq n \leq 10000$, and moreover the sum of the decimal digits of $n$ is 2 . Find the sum of the squares of the elements of $A$."
train-002576,2017,Evaluate $1201201_{-4}$.
train-002578,8,"In the figure, $\angle ABC$ and $\angle ADB$ are each right angles. Additionally, $AC = 20$ units and $AD = 4$ units. What is the length of segment $DB$?"
train-002586,45,"In the diagram, $\triangle ABC$ is right-angled at $A$, with $AB = 75$ and $AC = 100$. Point $D$ is on $BC$ such that $AD$ is perpendicular to $BC$. Determine the length of $BD$. [asy] pair A, B, C, D; B=(0,0); A=(45,60); C=(125,0); D=(45,0); draw(A--B--C--A--D); label(""B"", B, SW); label(""A"", A, N); label(""D"", D, S); label(""C"", C, SE); label(""75"", (A+B)/2, NW); label(""100"", (A+C)/2, NE); [/asy]"
train-002613,2040,"8. $[7]$ There are 5 students on a team for a math competition. The math competition has 5 subject tests. Each student on the team must choose 2 distinct tests, and each test must be taken by exactly two people. In how many ways can this be done?"
train-002618,4,"If $\mathbf{A}^{-1} = \begin{pmatrix} -4 & 1 \\ 0 & X \end{pmatrix},$ then find the inverse of $\mathbf{A}^2. 4. What is the value of unknown variable X?"
train-002629,75,"2. (10 points) In the figure, the diagonals $AC$ and $BD$ of quadrilateral $ABCD$ intersect at $O$, and $E$ is the midpoint of $BC$. The area of triangle $ABO$ is 45, the area of triangle $ADO$ is 18, and the area of triangle $CDO$ is 69. Then the area of triangle $AED$ is . $\qquad$"
train-002636,650,"Khachaturyan M.A. A farmer fenced a plot of land from the outside and divided it into triangles with a side of 50 m. In some triangles, he planted cabbage, while in others he let goats graze. Help the farmer build additional fences along the grid lines with the smallest total length to protect all the cabbage from the goats. ![](https://cdn.mathpix.com/cropped/2024_05_06_89dcdfe8766a8b2a52b5g-11.jpg?height=372&width=606&top_left_y=1652&top_left_x=729) #"
train-002643,5,"Given the function $f(x)=e^{ax}+bx (a x^{2}+3$ holds true for $x\in[1,m]$, find the maximum value of the positive integer $m$."
train-002669,4060,Compute $\binom{30}{3}$.
train-002688,6,"Given that $x$ and $y$ are positive integers satisfying the constraints $\begin{cases} & x-y 2, \\\\ & x < 5, \\\\ \end{cases}$, find the minimum value of $x+y$."
train-002694,20,"In triangle $ABC$, point $D$ lies on side $AC$ and point $E$ lies on side $BC$. The measures of angles $ABD, BAE, CAE$, and $CBD$ are $30^{\circ}, 60^{\circ}, 20^{\circ}$, and $30^{\circ}$, respectively. Determine the measure of angle $AED$. ![](https://cdn.mathpix.com/cropped/2024_04_17_6d7ca75cbeb5035abbabg-4.jpg?height=525&width=528&top_left_y=443&top_left_x=770) Note: The image is for illustration only. (A. Bohiniková) Hint. Look for congruent angles."
train-002735,1,"Let $f(x)$ be a function defined for all positive real numbers satisfying the conditions $f(x) > 0$ for all $x > 0$ and \[f(x - y) = \sqrt{f(xy) + 2}\]for all $x > y > X Determine $f(2009).$ If we know the answer to the above question is 2, what is the value of unknown variable X?"
train-002847,48,"In the figure, circle $O$ has a radius of 10 units. Chord $EF$ has a length of 12 units and is parallel to segment $MB$. If $MA = 24$ units and points $M$, $A$, $O$, and $B$ are collinear, what is the area of triangle $MEF$?"
train-002866,14007,"35. [20] Consider the following 4 by 4 grid with one corner square removed: You may start at any square in this grid and at each move, you may either stop or travel to an adjacent square (sharing a side, not just a corner) that you have not already visited (the square you start at is automatically marked as visited). Determine the distinct number of paths you can take. Your score will be $\max \left\{0,\left\lfloor 20-200\left|1-\frac{k}{S}\right|\right\rfloor\right\}$, where $k$ is your answer and $S$ is the actual answer."
train-002872,10,"27. As shown in the figure, $A D=5, A D \perp B D, \angle C D B=\angle A C B=45^{\circ}, \angle C A B=30^{\circ}$, then the length of $A B$ is"
train-002890,96,Let $f$ be the unique function defined on the positive integers such that \[\sum_{d\mid n}d\cdot f\left(\frac{n}{d}\right)=1\] for all positive integers $n$. What is $f(2023)$? $\textbf{(A)}~-1536\qquad\textbf{(B)}~96\qquad\textbf{(C)}~108\qquad\textbf{(D)}~116\qquad\textbf{(E)}~144$
train-002938,226,"10. (15 points) Kangaroo A and B are jumping in the area shown in the figure. A jumps in the order of $A B C D E F G H I A B C \cdots$, and B jumps in the order of $A B D E G H A B D \cdots$. If both kangaroos start from $A$ and this counts as the first time they jump together, how many times have they jumped together after 2017 jumps?"
train-002968,12,"2. In the right figure, there are triangles."
train-002985,900,"Compute the number of distinct pairs of the form \[(\text{first three digits of }x,\text{ first three digits of }x^4)\] over all integers $x>10^{10}$. For example, one such pair is $(100,100)$ when $x=10^{10^{10}}$."
train-002989,1,"$\therefore$ , (1) Given $\alpha \alpha+\beta=45^{3}$, find the value of $(1+\operatorname{tg} \alpha)(1+\operatorname{tg} \beta)$; (2) Find the limit: $\lim _{x \rightarrow \infty}\left(\frac{x+3}{x+1}\right)$"
train-002997,163,"5-5. Along a straight alley, 400 lamps are placed at equal intervals, numbered in order from 1 to 400. At the same time, from different ends of the alley, Alla and Boris started walking towards each other at different constant speeds (Alla from the first lamp, Boris from the four hundredth). When Alla was at the 55th lamp, Boris was at the 321st lamp. At which lamp will their meeting occur? If the meeting occurs between two lamps, indicate the smaller number of these two. ![](https://cdn.mathpix.com/cropped/2024_05_06_7c4dd4d2d6040292f233g-05.jpg?height=486&width=1876&top_left_y=1693&top_left_x=107)"
train-003025,7,"Find the quotient when $x^5 + 7$ is divided by $x + X If we know the answer to the above question is x^4-x^3+x^2-x+1, what is the value of unknown variable X?"
train-003052,20,"2. [3] In a game of Fish, R2 and R3 are each holding a positive number of cards so that they are collectively holding a total of 24 cards. Each player gives an integer estimate for the number of cards he is holding, such that each estimate is an integer between $80 \%$ of his actual number of cards and $120 \%$ of his actual number of cards, inclusive. Find the smallest possible sum of the two estimates."
train-003056,67,"A rectangle with dimensions 100 cm by 150 cm is tilted so that one corner is 20 cm above a horizontal line, as shown. To the nearest centimetre, the height of vertex $Z$ above the horizontal line is $(100+x) \mathrm{cm}$. What is the value of $x$?"
train-003079,18,"14. As shown in the figure, the area of right trapezoid $\mathrm{ABCD}$ is $52, D E=F C, \mathrm{AF}$ intersects $\mathrm{BE}$ at $\mathrm{O}$, and the area of triangle $\mathrm{AOB}$ is 17. Therefore, the sum of the areas of triangles $\mathrm{AOE}$ and $\mathrm{BOF}$ is $\qquad$."
train-003099,4,"7. If $a, b, c>0$, what is the smallest possible value of $\left\lfloor\frac{a+b}{c}\right\rfloor+\left\lfloor\frac{b+c}{a}\right\rfloor+\left\lfloor\frac{c+a}{b}\right\rfloor$ ? (Note that $\lfloor x\rfloor$ denotes the greatest integer less than or equal to $x$.)"
train-003116,36,"Each unit square of a $4 \times 4$ square grid is colored either red, green, or blue. Over all possible colorings of the grid, what is the maximum possible number of L-trominos that contain exactly one square of each color? (L-trominos are made up of three unit squares sharing a corner, as shown below.) [asy] draw((0,0) -- (2,0) -- (2,1) -- (0,1)); draw((0,0) -- (0,2) -- (1,2) -- (1,0)); draw((4,1) -- (6,1) -- (6,2) -- (4,2)); draw((4,2) -- (4,0) -- (5,0) -- (5,2)); draw((10,0) -- (8,0) -- (8,1) -- (10,1)); draw((9,0) -- (9,2) -- (10,2) -- (10,0)); draw((14,1) -- (12,1) -- (12,2) -- (14,2)); draw((13,2) -- (13,0) -- (14,0) -- (14,2)); [/asy] [i]Proposed by Andrew Lin.[/i]"
train-003121,1,"Given the sets $M=\{a, 0\}$, $N=\{1, 2\}$, and $M \cap N = \{1\}$, then $a=$ ___."
train-003130,54,"Example 3 Given that $a, b, c$ are positive real numbers, and $a+b+c=12, ab+bc$ $+ca=45$, try to find the maximum value of $abc$. 保留了原文的换行和格式。"
train-003143,15,7.1. Tiles of two types were laid on the wall in a checkerboard pattern. Several tiles fell off the wall. The remaining tiles are shown in the figure. How many striped tiles fell off? ![](https://cdn.mathpix.com/cropped/2024_05_06_886e6a304ebedf051554g-1.jpg?height=346&width=643&top_left_y=2237&top_left_x=752)
train-003177,6,"Problem 4. Consider a natural number $n \geq 2$ and an $n \times n$ square (see the adjacent figure). The main diagonal of this square is formed by the shaded fields. We fill the fields below the main diagonal with zeros, and in the rest of the fields (including the shaded ones) we write non-zero natural numbers. After filling all the fields, we calculate the sum of the numbers in each row and each column, thus obtaining $2n$ sums. The square is called lucky if the values of these $2n$ sums are equal, in some order, to the numbers $1, 2, \ldots, 2n$. a) Show that for $n=5$, there is no lucky square. b) If $n=4$, determine the largest natural number that can appear in the completion of a lucky square. ![](https://cdn.mathpix.com/cropped/2024_06_07_e6c66b94c0630c0832b8g-2.jpg?height=533&width=526&top_left_y=590&top_left_x=802)"
train-003232,3,"Given the statements $P$: The solution set of the inequality $\frac{x}{x-1} B$"" is a necessary but not sufficient condition for ""${\sin A > \sin B}$"". Among the following conclusions: 1. $P$ is true and $Q$ is false; 2. ""$P \land Q$"" is true; 3. ""$P \lor Q$"" is true; 4. $P$ is false and $Q$ is true. Identify the correct conclusion(s) by filling in the corresponding number(s)."
train-003236,25,"2.1. [5-6.2 (20 points), 7-8.2 (15 points), 9.2 (15 points)] In how many ways can the word ""ROTOR"" be read from the letters in the diagram, if it is not allowed to return to the letters already passed, and readings that differ only in direction are considered the same? | R O T O | doho | | :--- | :--- | | O T O P | O H D | | T O P | х O D | | O P | O D | | R | D |"
train-003251,6,"54. As shown in the figure, in rectangle $A B C D$, $A B=10$. The paper is folded so that side $A D$ falls on side $A B$, with the fold line being $A E$. Then, $\triangle A E D$ is folded along $D E$, and the intersection of $A E$ and $B C$ is point $F$. Given that the area of $\triangle A B F$ is 2, then $B C=$ $\qquad$ -"
train-003296,4014,"$\underset{\text { Aseev B.E. }}{ }$ ( The value of $a$ is chosen so that the number of roots of the first equation $4^{x}-4^{-x}=2 \cos a x, 4^{x}+4^{-x}=2 \cos a x+4$ is 2007. How many roots does the second equation have for the same $a$? #"
train-003315,28,"Khachaturyan A.V. ![](https://cdn.mathpix.com/cropped/2024_05_06_23a8a0dc60f629d15d84g-30.jpg?height=329&width=326&top_left_y=899&top_left_x=866) The parking lot in Flower City is a $7 \times 7$ grid of cells, each of which can accommodate a car. The parking lot is surrounded by a fence, with one side of a corner cell removed (this is the gate). Cars drive on a road that is one cell wide. Nезнайка (Nезнайка is a character's name, which can be translated as ""Don't-Know"") was asked to place as many cars as possible in the parking lot such that any car can exit when the others are parked. Nезнайка managed to place 24 cars as shown in the diagram. Try to place the cars differently to fit more. #"
train-003323,1321,"There are 20 baskets of Chinese cabbage, with a standard weight of 25 kilograms per basket. The excess or shortfall in kilograms is represented by positive or negative numbers, as shown below: | Difference from Standard Weight (kg) | -3 | -2 | -1.5 | 0 | 1 | 2.5 | |--------------------------------------|------|------|------|------|------|------| | Number of Baskets | 1 | 4 | 2 | 3 | 2 | 8 | $(1)$ In the 20 baskets of Chinese cabbage, how many kilograms heavier is the heaviest basket compared to the lightest basket? $(2)$ Compared to the standard weight, how many kilograms do the 20 baskets of Chinese cabbage exceed or fall short of in total? $(3)$ If the selling price of Chinese cabbage is $2.6$ yuan per kilogram, how much yuan can be earned by selling these 20 baskets of Chinese cabbage? (Round the result to the nearest integer)"
train-003351,23,"A person needs to exercise for a total of at least 60 minutes on a certain day. There are five types of exercises to choose from, as shown in the table below. How many ways are there to combine the exercises? | $A$ Exercise | $B$ Exercise | $C$ Exercise | $D$ Exercise | $E$ Exercise | |--------------|--------------|--------------|--------------|--------------| | 7:00 - 8:00 | 8:00 - 9:00 | 9:00 - 10:00 | 10:00 - 11:00 | 11:00 - 12:00 | | 30 minutes | 20 minutes | 40 minutes | 30 minutes | 30 minutes |"
train-003353,1,"5、The table defines the operation about "" "" "". For example, 3*4=2. Then $\underbrace{(1 * 2) *(1 * 2) * \ldots *(1 * 2)}_{2012 \uparrow(1 * 2)}=$ --- 5、The table defines the operation about "" "" "". For example, 3*4=2. Then $\underbrace{(1 * 2) *(1 * 2) * \ldots *(1 * 2)}_{2012 \uparrow(1 * 2)}=$"
train-003359,16,"87. Paint the six faces of a large cube black, then cut it into 36 small pieces along the dotted lines in the figure. Among them, the number of small pieces with two black faces is $\qquad$. 将上面的文本翻译成英文，请保留源文本的换行和格式，直接输出翻译结果。"
train-003377,28,"10. (12 points) In the figure, segments $A E$ and $F G$ divide rectangle $A B C D$ into four parts; it is known that the areas of two of these parts are 2 square centimeters and 11 square centimeters, and $E$ is the midpoint of $B C$, $O$ is the midpoint of $A E$; then the area of rectangle $A B C D$ is $\qquad$ square centimeters."
train-003390,544,## 2. Sum of Perimeters Calculate the sum of the perimeters of all rectangles in the figure. Note: A square is also a rectangle! ![](https://cdn.mathpix.com/cropped/2024_05_30_97e0360945497c9bac66g-1.jpg?height=257&width=643&top_left_y=1708&top_left_x=1209) Result: $\quad 544$
train-003503,18,"$\left.\begin{array}{l}{\left[\begin{array}{l}\text { Cube } \\ \text { [Reconstructions] }\end{array}\right]}\end{array}\right]$ Rearrange the pyramid made of 10 cubes (see the figure) so that its shape remains the same, but each cube touches only new cubes. ![](https://cdn.mathpix.com/cropped/2024_05_06_c2dae46d614e2e953886g-47.jpg?height=234&width=211&top_left_y=689&top_left_x=932)"
train-003504,9,7. (10 points) An industrial robot travels from point $A$ to point $B$ according to a pre-determined algorithm. The diagram shows a part of its repeating trajectory. Determine how many times faster it would reach from point $A$ to point $B$ if it moved in a straight line at three times the speed? ![](https://cdn.mathpix.com/cropped/2024_05_06_0588747f110ff428b268g-4.jpg?height=306&width=724&top_left_y=190&top_left_x=766)
train-003517,7254,"Mathematical beauty $=186$, then the four-digit number represented by indescribable is $\qquad$ ."
train-003575,1010,"## Task 2. A frog is located at the origin $O$ of a number line and needs to perform 2022 jumps, each of a different length from $1, 2, \ldots, 2022$. The jumps must be performed in such an order that the following rules are respected: - if the frog is currently at point $O$ or to the left of it, it must jump to the right, - if the frog is to the right of point $O$, it must jump to the left. Determine the largest natural number $k$ for which the frog can jump in such a way that it never lands on any of the numbers $1, 2, \ldots, k$."
train-003580,120,33 1 / 3 % of 360 ?
train-003660,2800,"3. Let $N$ be a positive integer. Brothers Michael and Kylo each select a positive integer less than or equal to $N$, independently and uniformly at random. Let $p_{N}$ denote the probability that the product of these two integers has a units digit of 0 . The maximum possible value of $p_{N}$ over all possible choices of $N$ can be written as $\frac{a}{b}$, where $a$ and $b$ are relatively prime positive integers. Compute $100 a+b$."
train-003764,1,"11. As shown in Figure 3, the vertex of the parabola $y=x^{2}$ is the origin $O$, and two perpendicular lines are drawn through $O$ intersecting the parabola $y=x^{2}$ at points $P$ and $Q$, respectively. Connect $P Q$. (1) When $P Q \parallel x$-axis, find the distance from point $O$ to $P Q$; (2) Find the maximum distance from point $O$ to $P Q$."
train-003847,48,A rectangle of 11 by 7 has been cut into four congruent squares in the manner shown in the figure. ![](https://cdn.mathpix.com/cropped/2024_05_02_81a0cf733e24e63462a0g-1.jpg?height=195&width=296&top_left_y=225&top_left_x=901) What percentage of the rectangle is waste?
train-003856,57,"11. (6 points) As shown in the figure, the front of each of the three cards has a number, and their backs are written with prime numbers $m, n, p$. If the sum of the numbers on both sides of each card is equal, then the minimum value of $m+n+p$ is $\qquad$ ."
train-003908,16,"2. [15] A cafe has 3 tables and 5 individual counter seats. People enter in groups of size between 1 and 4 , inclusive, and groups never share a table. A group of more than 1 will always try to sit at a table, but will sit in counter seats if no tables are available. Conversely, a group of 1 will always try to sit at the counter first. One morning, $M$ groups consisting of a total of $N$ people enter and sit down. Then, a single person walks in, and realizes that all the tables and counter seats are occupied by some person or group. What is the minimum possible value of $M+N$ ?"
train-003921,6120,"7. Use 6 colors to color the 6 station waiting signs $(P 、 A 、 B 、 C 、 D$ 、 $E)$ in Figure 2-5, requiring that the colors of adjacent station waiting signs be different. Then the total number of possible coloring methods is $\qquad$ kinds."
train-003927,80,"1. There are five cities in a line connected by semi-circular roads, as shown in Figure 1. Each segment of the journey is from one city to another along a semi-circle. If the journey can be repeated, the total number of possible ways to start from city 5 and return to city 5 after four segments is $\qquad$. 保留源文本的换行和格式，所以翻译结果如下： 1. There are five cities in a line connected by semi-circular roads, as shown in Figure 1. Each segment of the journey is from one city to another along a semi-circle. If the journey can be repeated, the total number of possible ways to start from city 5 and return to city 5 after four segments is $\qquad$."
train-003966,99911999,"![](https://cdn.mathpix.com/cropped/2024_05_06_e217990455cb7ab9a875g-14.jpg?height=125&width=2038&top_left_y=1641&top_left_x=-1) From four non-zero digits, the largest and the smallest possible four-digit numbers were formed. The sum of the resulting numbers turned out to be 11990. What numbers could have been formed?"
train-004082,25636,Each square in a $3 \times 10$ grid is colored black or white. Let $N$ be the number of ways this can be done in such a way that no five squares in an 'X' configuration (as shown by the black squares below) are all white or all black. Determine $\sqrt{N}$.
train-004102,35,"Problem 10.8. Rectangle $ABCD$ is such that $AD = 2AB$. Point $M$ is the midpoint of side $AD$. Inside the rectangle, there is a point $K$ such that $\angle AMK = 80^{\circ}$ and ray $KD$ is the bisector of angle $MKC$. How many degrees does angle $KDA$ measure? ![](https://cdn.mathpix.com/cropped/2024_05_06_e7f9c87b6a37ffba3564g-43.jpg?height=291&width=495&top_left_y=595&top_left_x=479)"
train-004105,-5,"4. For any integer $n$, the inequality holds: $4 n^{2}+40 n+$ $+99>0$. Disprove this statement."
train-004134,90,![](https://cdn.mathpix.com/cropped/2024_05_06_0ef0b80dacb6d98eff5ag-27.jpg?height=117&width=2058&top_left_y=936&top_left_x=0) Two lines intersect at point $A$ at an angle not equal to $90^{\circ}$; $B$ and $C$ are the projections of point $M$ onto these lines. Find the angle between the line $BC$ and the line passing through the midpoints of segments $AM$ and $BC$.
train-004143,14,"A jar has $10$ red candies and X blue candies. Terry picks two candies at random, then Mary picks two of the remaining candies at random. Given that the probability that they get the same color combination, irrespective of order, is $m/n,$ where $m$ and $n$ are relatively prime positive integers, find $m+n. 441. What is the value of unknown variable X?"
train-004209,3,"Let $n \geq 2$ be an integer. An $n \times n$ board is initially empty. Each minute, you may perform one of three moves: [list] [*] If there is an L-shaped tromino region of three cells without stones on the board (see figure; rotations not allowed), you may place a stone in each of those cells. [*] If all cells in a column have a stone, you may remove all stones from that column. [*] If all cells in a row have a stone, you may remove all stones from that row. [/list] [asy] unitsize(20); draw((0,0)--(4,0)--(4,4)--(0,4)--(0,0)); fill((0.2,3.8)--(1.8,3.8)--(1.8, 1.8)--(3.8, 1.8)--(3.8, 0.2)--(0.2, 0.2)--cycle, grey); draw((0.2,3.8)--(1.8,3.8)--(1.8, 1.8)--(3.8, 1.8)--(3.8, 0.2)--(0.2, 0.2)--(0.2, 3.8), linewidth(2)); draw((0,2)--(4,2)); draw((2,4)--(2,0)); [/asy] For which $n$ is it possible that, after some non-zero number of moves, the board has no stones?"
train-004230,286,"4. As shown in the figure, a ""windmill"" toy is composed of a square with a side length of 20 cm and four isosceles right triangles with legs of 10 cm. The four blank areas in the figure are sectors. The area of the shaded part is $\qquad$ square centimeters. $(\pi=3.14)$"
train-004249,17,"Problem 11.6. Inside the cube $A B C D A_{1} B_{1} C_{1} D_{1}$, there is the center $O$ of a sphere with radius 10. The sphere intersects the face $A A_{1} D_{1} D$ along a circle with radius 1, the face $A_{1} B_{1} C_{1} D_{1}$ along a circle with radius 1, and the face $C D D_{1} C_{1}$ along a circle with radius 3. Find the length of the segment $O D_{1}$. ![](https://cdn.mathpix.com/cropped/2024_05_06_adefdf2067937cb67fc7g-48.jpg?height=593&width=593&top_left_y=91&top_left_x=428)"
train-004256,3,The set of real numbers $x$ for which \[\dfrac{1}{x-2009}+\dfrac{1}{x-2010}+\dfrac{1}{x-2011}\ge1\] is the union of intervals of the form $a<x\le b$. What is the sum of the lengths of these intervals? $\textbf{(A)}\ \dfrac{1003}{335} \qquad \textbf{(B)}\ \dfrac{1004}{335} \qquad \textbf{(C)}\ 3 \qquad \textbf{(D)}\ \dfrac{403}{134} \qquad \textbf{(E)}\ \dfrac{202}{67}$
train-004307,7,"9. (3 points) The figure is composed of 16 $1 \times 1$ small squares, the area of $\triangle A B C$ is $\qquad$"
train-004355,10,"In the diagram, a right triangle has a base $b$ of $10$ units and an area of $50$ square units. What is the height $h$ of the triangle? Write your answer as a single integer."
train-004363,463,"In [triangle](https://artofproblemsolving.com/wiki/index.php/Triangle) $ABC, AB=13, BC=15,$ and $CA = 14.$ Point $D$ is on $\overline{BC}$ with $CD=6.$ Point $E$ is on $\overline{BC}$ such that $\angle BAE\cong \angle CAD.$ Given that $BE=\frac pq$ where $p$ and $q$ are relatively prime positive integers, find $q.$"
train-004366,2,"## Task 3 - 310513 The figure shows a point $A$ and four displacement arrows $1,2,3,4$. If you move the point successively with two of these displacement arrows, you obtain a point $A^{\prime \prime}$. Determine which two displacement arrows you must use so that $A^{\prime \prime}$ is as far away from $A$ as possible! A justification is not required. ![](https://cdn.mathpix.com/cropped/2024_06_06_b85a894aa8dbf722a7b3g-0132.jpg?height=508&width=305&top_left_y=260&top_left_x=1361)"
train-004451,1985,"5. (10 points) In the following two equations, the same Chinese characters represent the same digits, and different Chinese characters represent different digits: $$ \text { 数字花园 }+ \text { 探秘 }=2015, \overline{\text { 探秘 }}+1+2+3+\cdots+10=\overline{\text { 花园 }} $$ Then the four-digit number 数字花园 = . $\qquad$ --- Translation: 5. (10 points) In the following two equations, the same Chinese characters represent the same digits, and different Chinese characters represent different digits: $$ \text { 数字花园 }+ \text { 探秘 }=2015, \overline{\text { 探秘 }}+1+2+3+\cdots+10=\overline{\text { 花园 }} $$ Then the four-digit number 数字花园 = . $\qquad$ Note: The Chinese characters in the equations are kept as they are, as they represent specific digits in the problem."
train-004463,4,"A figure is constructed from unit cubes. Each cube shares at least one face with another cube. What is the minimum number of cubes needed to build a figure with a front, side, and top views as shown? [asy] /* New problem statement with three views */ draw((0,0)--(2,0)--(2,1)--(1,1)--(1,2)--(0,2)--cycle); draw((0,1)--(1,1)--(1,0)); label(scale(0.8)*""FRONT"", (1, -0.5), S); draw((4,0)--(6,0)--(6,1)--(5,1)--(5,2)--(4,2)--cycle); draw((5,0)--(5,1)--(6,1)); label(scale(0.8)*""SIDE"", (5,-0.5), S); draw((8,0)--(11,0)--(11,1)--(10,1)--(10,3)--(8,3)--cycle); draw((9,0)--(9,1)--(10,1)); label(scale(0.8)*""TOP"", (9.5,-0.5), S); [/asy]"
train-004492,8,"【Question 17】 As shown in the figure, the diagonals $A C$ and $B D$ of quadrilateral $A B C D$ intersect at point $O$. If $S_{\triangle A B D}=10, S_{\triangle A B C}=12, S_{\triangle B D C}=20$, what is the area of $S_{\triangle B O C}$?"
train-004494,32,"\section*{[ Dirichlet's Principle (finite number of points, lines, etc.) ] Tables and tournaments (other). $\quad]$ Colorings $\quad]$ [Set cardinality. Bijective mappings ]} ![](https://cdn.mathpix.com/cropped/2024_05_06_46af0608f2d2cb90d801g-24.jpg?height=177&width=1546&top_left_y=795&top_left_x=16) a) What is the maximum number of fields on an $8 \times 8$ board that can be painted black so that in each corner of three fields, there is at least one unpainted field? b) What is the minimum number of fields on an $8 \times 8$ board that can be painted black so that in each corner of three fields, there is at least one black field? #"
train-004564,2,"[ Sine Theorem Author: Lebedev L.A. Given a triangle \$ touching the side $\$ B C \$$ at point $\$ C^{\prime}$, and \$A'_b\$, \$A'_c\$, \$B'\$, \$B'_a\$, \$B'_b\$, \$B'_c\$. Consider the lengths of 12 segments - the heights of triangles \$A'B'C'\$, $\$ A^{\prime} \_\mathrm{aB}^{\prime} \_\mathrm{aC}$ '_a\$, \$A'_bB'_bC'_b\$, \$A'_cB'_cC'_c\$. a) What is the maximum number of different lengths that can be among them? b) Find all possible numbers of different lengths. #"
train-004565,7200,"Let $S$ be the set of ordered pairs $(a, b)$ of positive integers such that $\gcd(a, b) = 1$. Compute \[ \sum_{(a, b) \in S} \left\lfloor \frac{300}{2a+3b} \right\rfloor. \]"
train-004571,36,5. [6] Let $A B C D E$ be a convex pentagon such that $$ \begin{array}{l} A B+B C+C D+D E+E A=64 \text { and } \\ A C+C E+E B+B D+D A=72 . \end{array} $$ Compute the perimeter of the convex pentagon whose vertices are the midpoints of the sides of $A B C D E$.
train-004573,51,"A dollar sign is formed by drawing two parallel vertical lines through the letter $\mathrm{S}$, as shown. These lines cut the letter $S$ into 7 pieces. What is the minimum total number of parallel vertical lines that are needed to cut the letter S into exactly 154 pieces? (A) 23 (B) 44 (C) 22 (D) 51 (E) 70 ![](https://cdn.mathpix.com/cropped/2024_04_20_6027bc27089ed4fc493cg-061.jpg?height=371&width=144&top_left_y=682&top_left_x=1443)"
train-004633,4,58. A B C $\times$ a B C C A B C ![](https://cdn.mathpix.com/cropped/2024_05_21_00604dc020e3721fc1f4g-020.jpg?height=134&width=291&top_left_y=1892&top_left_x=831) (Same letters correspond to the same digits.)
train-004638,10,"16. According to the information in the figure, calculate: how many roses, carnations, and lilies are there in the bouquets bought by Aunt Chicken and Uncle Chicken?"
train-004675,11,"7. As shown in Figure 2, in plane $\alpha$, $\triangle A B C$ and $\triangle A_{1} B_{1} C_{1}$ are on opposite sides of line $l$, with no common points with $l$, and are symmetric about line $l$. Now, if plane $\alpha$ is folded along line $l$ to form a right dihedral angle, then the six points $A, B, C, A_{1}, B_{1}, C_{1}$ can determine $\qquad$ planes (answer with a number)."
train-004678,10,3. Find the period length of the sequence of pseudo-random numbers generated by the linear congruential method with \( x_{0}=2 \) and \( x_{n+1} \equiv 4 x_{n}+7 \pmod{25} \).
train-004693,15,"5. As shown in the figure, the three interior angles of a triangle are $(5 x+3 y)^{\circ} 、(3 x+20)^{\circ}$ and $(10 y+30)^{\circ}$, where $x 、 y$ are positive integers, then $x+y=$ $\qquad$ ."
train-004721,20,"Here is the pseudocode of an algorithm. If the output value of $y$ is 20, what is the input value of $x$?"
train-004762,0,\section*{Products and factorials $\quad]$ Decimal number system $\quad]$ Formulas for abbreviated multiplication (etc.).] ![](https://cdn.mathpix.com/cropped/2024_05_06_bf0205b4cbbe4b58a1adg-11.jpg?height=123&width=2021&top_left_y=737&top_left_x=11) The product of four consecutive positive odd numbers ends in 9. Find the two penultimate digits of this product. #
train-004772,264,"414. The Path of a Car. A motorist sets out from city \(A\) and wants to travel along each of the roads shown in the diagram exactly once. ![](https://cdn.mathpix.com/cropped/2024_05_21_56f37ca27ac3d928838dg-141.jpg?height=574&width=580&top_left_y=747&top_left_x=744) How many different routes can he choose from? There is plenty to think about until you come up with some clever method. Each route must end in city \(A\), from which you started, and you must travel from one city to another directly, without turning at road intersections."
train-004775,22,"Problem 4. The cake is packed in a box with a square base. The height of the box is half the side of this square. A ribbon of length 156 cm can be used to tie the box and make a bow on top (as shown in the left image). To tie it with the same bow on the side (as shown in the right image), a ribbon of length 178 cm is needed. Find the dimensions of the box. (I. V. Raskina) ![](https://cdn.mathpix.com/cropped/2024_05_06_18371eb476ec0d24f876g-2.jpg?height=236&width=331&top_left_y=1339&top_left_x=367)"
train-004809,1,"Given the same function \( f(x) \) described and graphed in your original request, count how many values of \( x \) satisfy \( f(f(x)) = 4 \)."
train-004850,3,215. Superposition of radicals. Calculate the value of the expression $\sqrt[3]{11+4 \sqrt[3]{14+10 \sqrt[3]{17+18 \sqrt[3]{(\ldots)}}}}$
train-004864,27,"Problem 5.5. From a $6 \times 6$ grid square, gray triangles have been cut out. What is the area of the remaining figure? The side length of each cell is 1 cm. Give your answer in square centimeters. ![](https://cdn.mathpix.com/cropped/2024_05_06_038330058549e9b1ba1cg-11.jpg?height=309&width=313&top_left_y=92&top_left_x=566)"
train-004875,1249,How many real solutions are there to the equation $x = 1964 \sin x - 189$ ?
train-004903,670,"[ Examples and counterexamples. Constructions] ![](https://cdn.mathpix.com/cropped/2024_05_06_7dfbf12cfa0901bdf2bfg-11.jpg?height=40&width=232&top_left_y=2187&top_left_x=14) On a circle of length 2013, 2013 points are marked, dividing it into equal arcs. A chip is placed at each marked point. We define the distance between two points as the length of the shorter arc between them. For what largest $n$ can the chips be rearranged so that there is again one chip at each marked point, and the distance between any two chips, initially no more than $n$ apart, increases? #"
train-004907,792,"In a game of Chomp, two players alternately take bites from a 5-by-7 grid of [unit squares](https://artofproblemsolving.com/wiki/index.php/Unit_square). To take a bite, a player chooses one of the remaining [ squares](https://artofproblemsolving.com/wiki/index.php/Square_(geometry)), then removes (""eats"") all squares in the quadrant defined by the left edge (extended upward) and the lower edge (extended rightward) of the chosen square. For example, the bite determined by the shaded square in the diagram would remove the shaded square and the four squares marked by $\times.$ (The squares with two or more dotted edges have been removed form the original board in previous moves.) [AIME 1992 Problem 12.png](https://artofproblemsolving.com/wiki/index.php/File:AIME_1992_Problem_12.png) The object of the game is to make one's opponent take the last bite. The diagram shows one of the many [subsets](https://artofproblemsolving.com/wiki/index.php/Subset) of the [set](https://artofproblemsolving.com/wiki/index.php/Set) of 35 unit squares that can occur during the game of Chomp. How many different subsets are there in all? Include the full board and empty board in your count."
train-004913,285,"Construct a geometric gure in a sequence of steps. In step $1$, begin with a $4\times 4$ square. In step $2$, attach a $1\times 1$ square onto the each side of the original square so that the new squares are on the outside of the original square, have a side along the side of the original square, and the midpoints of the sides of the original square and the attached square coincide. In step $3$, attach a $\frac14\times  \frac14$ square onto the centers of each of the $3$ exposed sides of each of the $4$ squares attached in step $2$. For each positive integer $n$, in step $n + 1$, attach squares whose sides are $\frac14$ as long as the sides of the squares attached in step n placing them at the centers of the $3$ exposed sides of the squares attached in step $n$. The diagram shows the gure after step $4$. If this is continued for all positive integers $n$, the area covered by all the squares attached in all the steps is $\frac{p}{q}$ , where $p$ and $q$ are relatively prime positive integers. Find $p + q$. [img]https://cdn.artofproblemsolving.com/attachments/2/1/d963460373b56906e93c4be73bc6a15e15d0d6.png[/img]"
train-004943,0,"Let $a_0$, $a_1$, $a_2$, $\dots$ be an infinite sequence of real numbers such that $a_0 = \frac{5}{13}$ and \[ a_{n} = 2 a_{n-1}^2 - 1 \]for every positive integer $n$. Let $c$ be the smallest number such that for every positive integer $n$, the product of the first $n$ terms satisfies the inequality \[|a_0 a_1 \dotsm a_{n - X \le \frac{c}{2^n}.\]What is the value of $100c$, The answer rounded to the nearest integer is 108. What is the value of unknown variable X?"
train-004956,385,"68. If ""Finals Finals Finals"" can be split into the sum of two perfect squares in two different ways, where the same Chinese character represents the same digit, and different characters represent different digits, then the three-digit number represented by ""Finals"" is 将上面的文本翻译成英文，请保留源文本的换行和格式，直接输出翻译结果。"
train-004972,27,8. $[7]$ The angles of a convex $n$-sided polygon form an arithmetic progression whose common difference (in degrees) is a non-zero integer. Find the largest possible value of $n$ for which this is possible. (A polygon is convex if its interior angles are all less than $180^{\circ}$.)
train-004977,512,"38. Let $S=\left\{p_{1} p_{2} \cdots p_{n} \mid p_{1}, p_{2}, \ldots, p_{n}\right.$ are distinct primes and $\left.p_{1}, \ldots, p_{n}<30\right\}$. Assume 1 is in $S$. Let $a_{1}$ be an element of $S$. We define, for all positive integers $n$ : $a_{n+1}=a_{n} /(n+1) \quad$ if $a_{n}$ is divisible by $n+1$; $a_{n+1}=(n+2) a_{n} \quad$ if $a_{n}$ is not divisible by $n+1$. How many distinct possible values of $a_{1}$ are there such that $a_{j}=a_{1}$ for infinitely many j's?"
train-005001,10,"15. Piggie参加思维能力考试, 共有 20 题。每道题的分数和题号相同, 答对得分, 答错则倒扣分。比如第 8 题, 答对得 8 分, 答错倒扣 8 分。Piggie答完全部题目, 得 100 分, 他最多答错 $\qquad$道题。 Translates to: 15. Piggie takes a logical thinking test, which has 20 questions. The score for each question is the same as its question number, with points awarded for correct answers and deducted for wrong answers. For example, for question 8, a correct answer earns 8 points, while a wrong answer deducts 8 points. Piggie answered all the questions and scored 100 points, and he could have answered at most $\qquad$ questions incorrectly."
train-005013,1563,"11. (12 points) In the equation $\overline{\mathrm{ABCD}}+E \times F \times G \times H=2011$, $A, B, C, D, E, F, G, H$ represent different digits from $1 \sim 8$ (different letters represent different digits), then the four-digit number $\overline{\mathrm{ABCD}}=$ $\qquad$ 将上面的文本翻译成英文，请保留源文本的换行和格式，直接输出翻译结果。"
train-005028,18,"32. Little bee Barry connects several unit hexagons (i.e., hexagons with a side length of 1) edge-to-edge to form a planar tiling figure, as shown in the figure: Then, the perimeter of a planar figure formed by tiling 6 unit hexagons is at least $\qquad$ _."
train-005048,6,"4. A card is shown as in the left figure, select 7 numbers from 1 to 8, and write them in 7 parts, “3” is already written, then fold the card into the cube box as shown in the right figure. The sums of the numbers on the three pairs of opposite faces of this cube are equal, the number not selected is $\qquad$ _."
train-005072,93,"5. (10 points) For any three-digit number $n$, let $n$ represent the number obtained by deleting the digits that are 0 in $n$. For example, when $n=102$, $n=12$. Then the number of three-digit numbers $n$ that satisfy $n<n$ and $n$ is a divisor of $n$ is $\qquad$."
train-005104,234,"## 10. Triomino The triomino tile has the shape ![](https://cdn.mathpix.com/cropped/2024_05_30_bfe8eca8742272ceb120g-7.jpg?height=139&width=134&top_left_y=2192&top_left_x=1281) and is placed on a $5 \times 5$ board such that each tile covers three squares, and they do not overlap. One square remains uncovered. What is the sum of the numbers on all the squares that can remain uncovered? Result: $\quad 234$"
train-005143,15,"A cubic polynomial $f$ satisfies $f(0)=0, f(1)=1, f(2)=2, f(3)=4$. What is $f(5)$?"
train-005166,8,Golenischeva-Kumuzova et al. A grasshopper can only jump exactly 50 cm. It wants to visit 8 points marked on the diagram (the side of the square is 10 cm). What is the minimum number of jumps it will have to make? (It is allowed to visit and #
train-005213,20,"【Question 9】 As shown in the figure, four identical rectangles are arranged to form a large square with a side length of 10 cm, and a small square is formed in the middle. The perimeter of each rectangle is $\qquad$ cm."
train-005221,5,"In the diagram, $ABCD$ is a trapezoid with an area of $20.$ $CD$ is three times the length of $AB.$ What is the area of $\triangle ABC?$ [asy] draw((0,0)--(2,5)--(11,5)--(20,0)--cycle); draw((11,5)--(0,0)); label(""$D$"",(0,0),W); label(""$A$"",(2,5),NW); label(""$B$"",(11,5),NE); label(""$C$"",(20,0),E); [/asy]"
train-005370,200,"In a magic [square](https://artofproblemsolving.com/wiki/index.php/Square), the sum of the three entries in any row, column, or diagonal is the same value. The figure shows four of the entries of a magic square. Find $x$. [AIME 1996 Problem 01.png](https://artofproblemsolving.com/wiki/index.php/File:AIME_1996_Problem_01.png)"
train-005420,6,"Four coplanar circles are placed such that three of them intersect as shown. What is the maximum number of points on these circles that a line passing through only three of the four circles can touch? [asy]import graph; draw(Circle((-9,9),15)); draw(Circle((0,-9),15)); draw(Circle((9,9),15)); draw(Circle((20,0),15)); [/asy]"
train-005427,1624,"4. (10 points) As shown in the figure, after completing the vertical multiplication, the product obtained is The above text has been translated into English, retaining the original text's line breaks and format."
train-005470,1,Let \[\mathbf{A} = \begin{pmatrix} X & 0 & 0 \\ 0 & 0 & -1 \\ 0 & 1 & 0 \end{pmatrix}.\]Compute $\mathbf{A}^{95}. 0. What is the value of unknown variable X?
train-005520,4022,"Let $\{a_n\}$ be an arithmetic sequence. If $a_1 > 0$, $a_{2011} + a_{2012} > 0$, and $a_{2011}a_{2012} 0$ is."
train-005523,7,"3. ""?"" ="
train-005524,6,"10. As shown in the figure, it is a chessboard. The chess piece ""Knight"" can move from one square, jumping 2 squares horizontally or vertically, and at the same time jumping 1 square in the other direction, forming an ""L"" shape. For example, from point A in the figure, it can reach any of the B positions in one step. Then, for a chess piece ""Knight"" to jump from the bottom-left corner of the chessboard to the top-right corner, the minimum number of steps required is $\qquad$."
train-005528,15,"B3. A large rectangle is divided into small rectangles that are twice as high as they are wide. The rectangle is 10 such small rectangles wide, as shown in the figure below. In this figure, you can recognize a number of squares of different sizes. How many small rectangles tall must the figure be to ensure that there are exactly 345 squares to be found? ![](https://cdn.mathpix.com/cropped/2024_04_17_88f9acd303931df7c94dg-1.jpg?height=414&width=528&top_left_y=2283&top_left_x=1324)"
train-005571,40,"The diagram below shows $\vartriangle ABC$ with point $D$ on side $\overline{BC}$. Three lines parallel to side $\overline{BC}$ divide segment $\overline{AD}$ into four equal segments. In the triangle, the ratio of the area of the shaded region to the area of the unshaded region is $\frac{49}{33}$ and $\frac{BD}{CD} = \frac{m}{n}$ , where $m$ and $n$ are relatively prime positive integers. Find $m + n$. [img]https://cdn.artofproblemsolving.com/attachments/2/8/77239633b68f073f4193aa75cdfb9238461cae.png[/img]"
train-005584,4,6. [5] Let $x$ and $y$ be positive real numbers and $\theta$ an angle such that $\theta \neq \frac{\pi}{2} n$ for any integer $n$. Suppose $$ \frac{\sin \theta}{x}=\frac{\cos \theta}{y} $$ and $$ \frac{\cos ^{4} \theta}{x^{4}}+\frac{\sin ^{4} \theta}{y^{4}}=\frac{97 \sin 2 \theta}{x^{3} y+y^{3} x} . $$ Compute $\frac{x}{y}+\frac{y}{x}$.
train-005601,8,"[b]p1.[/b] An $8$-inch by $11$-inch sheet of paper is laid flat so that the top and bottom edges are $8$ inches long. The paper is then folded so that the top left corner touches the right edge. What is the minimum possible length of the fold? [b]p2.[/b] Triangle $ABC$ is equilateral, with $AB = 6$. There are points $D$, $E$ on segment AB (in the order $A$, $D$, $E$, $B$), points $F$, $G$ on segment $BC$ (in the order $B$, $F$, $G$, $C$), and points $H$, $I$ on segment $CA$ (in the order $C$, $H$, $I$, $A$) such that $DE = F G = HI = 2$. Considering all such configurations of $D$, $E$, $F$, $G$, $H$, $I$, let $A_1$ be the maximum possible area of (possibly degenerate) hexagon $DEF GHI$ and let $A_2$ be the minimum possible area. Find $A_1 - A_2$. [b]p3.[/b] Find $$\tan \frac{\pi}{7} \tan \frac{2\pi}{7} \tan \frac{3\pi}{7}$$ PS. You should use hide for answers. Collected [url=https://artofproblemsolving.com/community/c5h2760506p24143309]here[/url]."
train-005609,0,XXVI - I - Problem 9 Calculate the limit
train-005613,11,The integers -5 and 6 are shown on a number line. What is the distance between them?
train-005619,8,Let's reflect a cube in some order on the plane of all its six faces. How many different transformations result from the six reflections performed one after the other?
train-005679,540,"9. As shown in the figure, in trapezoid $A B C D$, $A D$ is parallel to $B C$, the areas of triangle $A C E$ and triangle $B D E$ are both 120, and the area of triangle $B F G$ is 60. What is the area of trapezoid $A B C D$?"
train-005698,34,"Problem 11.3. In a football tournament, 15 teams participated, each playing against each other exactly once. For a win, 3 points were awarded, for a draw - 1 point, and for a loss - 0 points. After the tournament ended, it turned out that some 6 teams scored at least $N$ points each. What is the greatest integer value that $N$ can take? ![](https://cdn.mathpix.com/cropped/2024_05_06_3890a5f9667fd1ab5160g-42.jpg?height=494&width=460&top_left_y=94&top_left_x=499) Fig. 13: to the solution of problem 11.2 #"
train-005703,40,"Problem 5.8. Inside a large triangle with a perimeter of 120, several segments were drawn, dividing it into nine smaller triangles, as shown in the figure. It turned out that the perimeters of all nine small triangles are equal to each other. What can they be equal to? List all possible options. The perimeter of a figure is the sum of the lengths of all its sides. ![](https://cdn.mathpix.com/cropped/2024_05_06_3890a5f9667fd1ab5160g-12.jpg?height=256&width=323&top_left_y=1257&top_left_x=565)"
train-005707,1,Let $\mathbf{A} = \begin{pmatrix} 2 & 3 \\ X & 1 \end{pmatrix}.$ Find $\mathbf{A}^{20} - 2 \mathbf{A}^{19}. What is the value of unknown variable X?
train-005738,2,"A sequence has 101 terms, each of which is a positive integer. If a term, $n$, is even, the next term is equal to $\frac{1}{2} n+1$. If a term, $n$, is odd, the next term is equal to $\frac{1}{2}(n+1)$. For example, if the first term is 7 , then the second term is 4 and the third term is 3 . If the first term is 16 , the 101st term is (A) 1 (B) 2 (C) 3 (D) 4 (E) 5"
train-005781,11,"Example 1. Given the vertices of the tetrahedron \( A(2,3,1), B(4,1,-2) \), \( C(6,3,7), D(-5,-4,8) \). Find: ![](https://cdn.mathpix.com/cropped/2024_05_22_8f5be56c3f01f571fd60g-046.jpg?height=330&width=366&top_left_y=612&top_left_x=78) Fig. 4.11 1) the length of the edge \( A B \) 2) the angle between the edges \( A B \) and \( A D \); 3) the angle between the edge \( A D \) and the plane \( A B C \) 4) the volume of the tetrahedron \( A B C D \) 5) the equation of the edge \( A B \) 6) the equation of the plane \( A B C \); 7) the equation of the height dropped from \( D \) to \( A B C \) 8) the projection \( O \) of point \( D \) onto the base \( A B C \) 9) the height \( D O \)."
train-005812,7744,# 1. Answer: 7744 ## 10th grade
train-005824,13,"In the quadrilateral $A B C D$ given in the figure, we have $A B=5, B C=17$, $C D=5$ and $D A=9$. Determine $D B$, knowing that its measure is an integer. ![](https://cdn.mathpix.com/cropped/2024_05_01_30c9a294a58a6e4b8190g-034.jpg?height=214&width=440&top_left_y=2480&top_left_x=1348)"
train-005838,314,"There is a frame in the shape of a square with a side length of 20 centimeters (cm). What is the area of the largest medallion that can be stored in a circular medallion? However, the ratio of circumference is assumed to be 3.14."
train-005842,20,"Problem 11.8. Given a parallelepiped $A B C D A_{1} B_{1} C_{1} D_{1}$. A point $X$ is chosen on the edge $A_{1} D_{1}$, and a point $Y$ is chosen on the edge $B C$. It is known that $A_{1} X=5, B Y=3, B_{1} C_{1}=14$. The plane $C_{1} X Y$ intersects the ray $D A$ at point $Z$. Find $D Z$. ![](https://cdn.mathpix.com/cropped/2024_05_06_5b323dccc142e96a9907g-46.jpg?height=501&width=678&top_left_y=359&top_left_x=388)"
train-005869,18,"Rebecca wants to split a collection of eggs into groups of 6. She has a certain number of eggs, 72 bananas, and 66 marbles. She will create 3 groups. How many eggs does Rebecca have?"
train-005886,-7,"1. If $\alpha, \beta, \gamma$ are the roots of the equation $x^{3}-x-1=0$, determine $\frac{1+\alpha}{1-\alpha}+\frac{1+\beta}{1-3}+\frac{1+\gamma}{1-\gamma}$."
train-005938,3,X distinct vertices of an octagon are chosen at random. The probability that they are adjacent is 7. What is the value of unknown variable X?
train-005977,1,"If x + y = 25 and some expression involving x and y equals 25, the value of xy is 1. What is the expression involving x and y?"
train-005998,600,Example 2. Find $\sum_{d \in 000} d(d)$.
train-006033,2100,"Square $PQRS$ is inscribed in right triangle $LMN$, as shown below. If $LP = 30$ units and $SN = 70$ units, what is the area of square $PQRS$? [asy] draw((9,15.6)--(10.7,14.6)--(11.7,16.3)); draw((0,0)--(11,20)--(50,0)--cycle); draw((9,0)--(26,0)--(26,17)--(9,17)--cycle); label(""$L$"",(0,0),SW); label(""$P$"",(9,0),S); label(""$S$"",(26,0),S); label(""$N$"",(50,0),SE); label(""$Q$"",(9,17),NW); label(""$R$"",(26,17),NE); label(""$M$"",(11,20),N); [/asy]"
train-006059,8,The main view and left view of a certain rectangular prism are shown in the figure. What is the area of the top view of the rectangular prism?
train-006062,22,"The arithmetic mean of the numbers in group $A$ increases by $\frac{1}{2},$ and the arithmetic mean of the numbers in group $B$ also increases by $\frac{1}{2}.$ How many numbers were originally in group $A$? Five, (20 points) Divide the smallest 31 natural numbers into groups $A$ and $B,$ with 10 in group $A.$ If 10 is moved from group $A$ to group $B,$ then the arithmetic mean of the numbers in group $A$"
train-006076,135,4. (7 points) A recycling station is stacking glass bottles of the same size against a wall (as shown in the figure). This stack of glass bottles has $\qquad$ bottles. 保留了源文本的换行和格式。
train-006081,66,10. (15 points) The sum of ten different non-zero natural numbers is 102. What is the maximum value of the sum of the two largest numbers? What is the minimum value of the sum of the two smallest numbers? 保留源文本的换行和格式，翻译结果如下： 10. (15 points) The sum of ten different non-zero natural numbers is 102. What is the maximum value of the sum of the two largest numbers? What is the minimum value of the sum of the two smallest numbers?
train-006082,2,"Example 14 (1998 Shanghai High School Mathematics Competition) As shown in Figure 5-13, it is known that on the parabola $y=$ $x^{2}$, there are three vertices $A, B, C$ of a square. Find the minimum value of the area of such a square."
train-006094,3276,27**. In how many different ways can 25 identical coins be distributed among four schoolchildren? (Two ways are considered different if at least one of the schoolchildren receives a different amount of money in each way.) 将上面的文本翻译成英文，请保留源文本的换行和格式，直接输出翻译结果。
train-006101,10,"In the triangle $ABC$ below, there is a point $D$ on its side $AB$, such that $AB=CD$, $\widehat{ABC}=100^{\circ}$, and $\widehat{DCB}=40^{\circ}$. ![](https://cdn.mathpix.com/cropped/2024_05_01_4fd1b602786ad9981479g-40.jpg?height=455&width=894&top_left_y=478&top_left_x=460) a) What is the measure of the angle $\widehat{BDC}$? b) What is the measure of the angle $\widehat{ACD}$? #"
train-006137,334000,"57. How many ways, without taking order into consideration, can 2002 be expressed as the sum of 3 positive integers (for instance, $1000+1000+2$ and $1000+2+1000$ are considered to be the same way)?"
train-006211,89,38. Massachusetts Avenue is ten blocks long. One boy and one girl live on each block. They want to form friendships such that each boy is friends with exactly one girl and viceversa. Nobody wants a friend living more than one block away (but they may be on the same block). How many pairings are possible?
train-006221,1,"What is the remainder when 1274 * a certain number * 1277 * 1285 is divided by 12, and the remainder is 6? What is the second number?"
train-006225,4,"Let \[\bold{A} = \begin{pmatrix} X & 1 & 2 \\ 1 & 0 & 1 \\ 2 & 1 & 0 \end{pmatrix}.\]There exist constants $p$, $q$, and $r$ such that \[\bold{A}^3 + p \bold{A}^2 + q \bold{A} + r \bold{I} = \bold{0},\]where $\bold{I}$ and $\bold{0}$ are the $3 \times 3$ identity matrix and zero matrix, respectively. Enter the ordered triple $(p,q,r). -4. What is the value of unknown variable X?"
train-006372,4,"On each spin of the spinner shown, the arrow is equally likely to stop on any one of the four numbers. Deanna spins the arrow on the spinner twice. She multiplies together the two numbers on which the arrow stops. Which product is most likely to occur? (A) 2 (B) 4 (C) 6 (D) 8 (E) 12 ![](https://cdn.mathpix.com/cropped/2024_04_20_6ed09463f225f8ba1f07g-058.jpg?height=238&width=241&top_left_y=1670&top_left_x=1365)"
train-006416,10,"![](https://cdn.mathpix.com/cropped/2024_05_06_60e93adedf73503f106cg-53.jpg?height=226&width=2041&top_left_y=1922&top_left_x=0) In triangle $ABC$, $BC=4$, $AB=2\sqrt{19}$. It is known that the center of the circle passing through the midpoints of the sides of the triangle lies on the bisector of angle $C$. Find $AC$."
train-006460,55,"50. The ancient Greek mathematician Pythagoras discovered the secrets of ""figurate numbers."" He called $1,3,6,10,15, \cdots \ldots$ triangular numbers because these quantities of dots can be arranged into triangular arrays, as shown in the figure below. The 10th figure has $\qquad$ dots. 将上面的文本翻译成英文，请保留源文本的换行和格式，直接输出翻译结果。"
train-006512,1200,"![](https://cdn.mathpix.com/cropped/2024_05_06_3da1f4345ad15e82abd2g-17.jpg?height=114&width=1260&top_left_y=203&top_left_x=-1) ![](https://cdn.mathpix.com/cropped/2024_05_06_3da1f4345ad15e82abd2g-17.jpg?height=45&width=252&top_left_y=329&top_left_x=20) For the holiday, $1 \%$ of the soldiers in the regiment received new uniforms. The soldiers are arranged in a rectangle such that the soldiers in new uniforms are in at least $30 \%$ of the columns and at least $40 \%$ of the rows. What is the smallest number of soldiers that could be in the regiment?"
train-006520,11,"2. An inflated lifebuoy (as shown in the right figure). The large circle indicated by the dotted line has a radius of 33 cm. The small circle indicated by the solid line has a radius of 9 cm. Two ants start from point $A$ at the same time and move along the large circle and the small circle, respectively, at the same speed. Question: After how many laps on the small circle does the ant first meet the ant on the large circle?"
train-006526,42,3. [7] Find the number of triangulations of a general convex 7 -gon into 5 triangles by 4 diagonals that do not intersect in their interiors.
train-006609,36,"[hide=Intro]The answers to each of the ten questions in this section are integers containing only the digits $ 1$ through $ 8$, inclusive. Each answer can be written into the grid on the answer sheet, starting from the cell with the problem number, and continuing across or down until the entire answer has been written. Answers may cross dark lines. If the answers are correctly filled in, it will be uniquely possible to write an integer from $ 1$ to $ 8$ in every cell of the grid, so that each number will appear exactly once in every row, every column, and every marked $2$ by $4$ box. You will get $7$ points for every correctly filled answer, and a $15$ point bonus for filling in every gridcell. It will help to work back and forth between the grid and the problems, although every problem is uniquely solvable on its own. Please write clearly within the boxes. No points will be given for a cell without a number, with multiple numbers, or with illegible handwriting.[/hide] [img]https://cdn.artofproblemsolving.com/attachments/9/b/f4db097a9e3c2602b8608be64f06498bd9d58c.png[/img] [b]1 ACROSS:[/b] Jack puts $ 10$ red marbles, $ 8$ green marbles and 4 blue marbles in a bag. If he takes out $11$ marbles, what is the expected number of green marbles taken out? [b]2 DOWN:[/b] What is the closest integer to $6\sqrt{35}$ ? [b]3 ACROSS: [/b]Alan writes the numbers $ 1$ to $64$ in binary on a piece of paper without leading zeroes. How many more times will he have written the digit $ 1$ than the digit $0$? [b]4 ACROSS:[/b] Integers a and b are chosen such that $-50 < a, b \le 50$. How many ordered pairs $(a, b)$ satisfy the below equation? $$(a + b + 2)(a + 2b + 1) = b$$ [b]5 DOWN: [/b]Zach writes the numbers $ 1$ through $64$ in binary on a piece of paper without leading zeroes. How many times will he have written the two-digit sequence “$10$”? [b]6 ACROSS:[/b] If you are in a car that travels at $60$ miles per hour, $\$1$ is worth $121$ yen, there are $8$ pints in a gallon, your car gets $10$ miles per gallon, a cup of coffee is worth $\$2$, there are 2 cups in a pint, a gallon of gas costs $\$1.50$, 1 mile is about $1.6$ kilometers, and you are going to a coffee shop 32 kilometers away for a gallon of coffee, how much, in yen, will it cost? [b]7 DOWN:[/b] Clive randomly orders the letters of “MIXING THE LETTERS, MAN”. If $\frac{p}{m^nq}$ is the probability that he gets “LMT IS AN EXTREME THING” where p and q are odd integers, and $m$ is a prime number, then what is $m + n$? [b]8 ACROSS:[/b] Joe is playing darts. A dartboard has scores of $10, 7$, and $4$ on it. If Joe can throw $12$ darts, how many possible scores can he end up with? [b]9 ACROSS:[/b] What is the maximum number of bounded regions that $6$ overlapping ellipses can cut the plane into? [b]10 DOWN:[/b] Let $ABC$ be an equilateral triangle, such that $A$ and $B$ both lie on a unit circle with center $O$. What is the maximum distance between $O$ and $C$? Write your answer be in the form $\frac{a\sqrt{b}}{c}$ where $b$ is not divisible by the square of any prime, and $a$ and $c$ share no common factor. What is $abc$ ? PS. You had better use hide for answers."
train-006619,68343,"Let \$f(x) = 5x^6 - 3x^5 + 4x^4 + x^3 - 2x^2 - 2x + 8.\$ If \$f(5) = 20\$, find \$f(5) + f(-5)\$."
train-006642,710,"Let $S$ be a [set](https://artofproblemsolving.com/wiki/index.php/Set) with six [elements](https://artofproblemsolving.com/wiki/index.php/Element). Let $\mathcal{P}$ be the set of all [subsets](https://artofproblemsolving.com/wiki/index.php/Subset) of $S.$ Subsets $A$ and $B$ of $S$, not necessarily distinct, are chosen independently and at random from $\mathcal{P}$. The [probability](https://artofproblemsolving.com/wiki/index.php/Probability) that $B$ is contained in one of $A$ or $S-A$ is $\frac{m}{n^{r}},$ where $m$, $n$, and $r$ are [positive](https://artofproblemsolving.com/wiki/index.php/Positive) [integers](https://artofproblemsolving.com/wiki/index.php/Integer), $n$ is [prime](https://artofproblemsolving.com/wiki/index.php/Prime), and $m$ and $n$ are [relatively prime](https://artofproblemsolving.com/wiki/index.php/Relatively_prime). Find $m+n+r.$ (The set $S-A$ is the set of all elements of $S$ which are not in $A.$)"
train-006646,29,"11. [6] Find the number of ordered pairs of positive integers $(x, y)$ with $x, y \leq 2020$ such that $3 x^{2}+10 x y+$ $3 y^{2}$ is the power of some prime."
train-006656,2020,"Evie and Odette are playing a game. Three pebbles are placed on the number line; one at -2020 , one at 2020, and one at $n$, where $n$ is an integer between -2020 and 2020. They take it in turns moving either the leftmost or the rightmost pebble to an integer between the other two pebbles. The game ends when the pebbles occupy three consecutive integers. Odette wins if their sum is odd; Evie wins if their sum is even. For how many values of $n$ can Evie guarantee victory if: (a) Odette goes first; (b) Evie goes first?"
train-006732,6,"4. We want to cover a $4 \times 4$ table with $z$ dominoes of the shape ![](https://cdn.mathpix.com/cropped/2024_06_07_8c492ac180897ee339acg-13.jpg?height=128&width=185&top_left_y=273&top_left_x=593) (which can also be mirrored or rotated), such that the dominoes can overlap but must not extend beyond the edge of the table. What is the minimum number of dominoes needed? ## 57th Mathematical Competition for High School Students in Slovenia Celje, April 20, 2013 ## Problems for 4th Year Solve the problems independently. You have 210 minutes to solve them. | N1 | N2 | N3 | N4 | | :--- | :--- | :--- | :--- | | | | | | The use of notes, literature, or a pocket calculator is not allowed."
train-006800,135,"8. (10 points) In a regular hexagon, two equilateral triangles each with an area of 30 square centimeters are placed as shown in the figure. What is the area of the regular hexagon in square centimeters?"
train-006933,8634,"27. [13] $O$ is the center of square $A B C D$, and $M$ and $N$ are the midpoints of $\overline{B C}$ and $\overline{A D}$, respectively. Points $A^{\prime}, B^{\prime}, C^{\prime}, D^{\prime}$ are chosen on $\overline{A O}, \overline{B O}, \overline{C O}, \overline{D O}$, respectively, so that $A^{\prime} B^{\prime} M C^{\prime} D^{\prime} N$ is an equiangular hexagon. The ratio $\frac{\left[A^{\prime} B^{\prime} M C^{\prime} D^{\prime} N\right]}{[A B C D]}$ can be written as $\frac{a+b \sqrt{c}}{d}$, where $a, b, c, d$ are integers, $d$ is positive, $c$ is square-free, and $\operatorname{gcd}(a, b, d)=1$. Find $1000 a+100 b+10 c+d$."
train-006944,22,"Problem 7.4. Seven boxes are arranged in a circle, each containing several coins. The diagram shows how many coins are in each box. In one move, it is allowed to move one coin to a neighboring box. What is the minimum number of moves required to equalize the number of coins in all the boxes? ![](https://cdn.mathpix.com/cropped/2024_05_06_d55ea3e8288d58a3f771g-19.jpg?height=558&width=556&top_left_y=1158&top_left_x=446)"
train-006949,155040,"A finite sequence of numbers $(a_1,\cdots,a_n)$ is said to be alternating if $$a_1>a_2~,~a_2a_4~,~a_4a_3~,~a_3a_5~,~\cdots$$ How many alternating sequences of length $5$ , with distinct numbers $a_1,\cdots,a_5$ can be formed such that $a_i\in\{1,2,\cdots,20\}$ for $i=1,\cdots,5$ ?"
train-006972,1030,Authors: Dritriev 0 . Zhenoorrov $\mathbf{P . 5}$. There is a grid board $2015 \times 2015$. Dima places a detector in $k$ cells. Then Kolya places a grid ship in the shape of a square $1500 \times 1500$ on the board. The detector in a cell reports to Dima whether this cell is covered by the ship or not. For what smallest $k$ can Dima place the detectors in such a way as to guarantee the reconstruction of the ship's position?
train-006987,30,Five students play chess matches against each other. Each student plays three matches against each of the other students. How many matches are played in total? (A) 15 (B) 8 (C) 30 (D) 60 (E) 16 Part B: Each correct answer is worth 6.
train-006989,34,"The figure shows a track scheme for karting. The start and finish are at point $A$, and the karting driver can make as many laps as they want, returning to the starting point. ![](https://cdn.mathpix.com/cropped/2024_05_08_22585010b2534c7ab9ebg-26.jpg?height=340&width=1081&top_left_y=1857&top_left_x=497) The young driver Yura spends one minute on the path from $A$ to $B$ or back. Yura also spends one minute on the loop. The loop can only be driven counterclockwise (arrows indicate possible directions of movement). Yura does not turn back halfway and does not stop. The race duration is 10 minutes. Find the number of possible different routes (sequences of passing sections). #"
train-006998,94,"Example 3 As shown in Figure 1.13.3, given $\frac{A P}{P D}+\frac{B P}{P E}+\frac{C P}{P F}=90$, find the value of $\frac{A P}{P D} \cdot \frac{B P}{P E} \cdot \frac{C P}{P F}$."
train-007013,20,"6. (10 points) As shown in the figure, it consists of a regular pentagon, five rectangles, and five equilateral triangles, forming the plane development of a solid figure. Therefore, this solid figure has $\qquad$ edges."
train-007018,528,What is the molecular weight of some moles of C6H8O6 if the molecular weight of a certain number of moles is 528?
train-007069,55440,"9. How many different ways are there to rearrange the letters in the word 'BRILLIANT' so that no two adjacent letters are the same after the rearrangement? (1 mark) 有多少種不同的方法可把「BRILLIANT 」一字中的字母重新排列, 使得排列後沒有兩個相鄰的字母相同？"
train-007124,4,"A square can be divided into four congruent figures as shown: If each of the congruent figures has area 1, what is the area of the square?"
train-007144,2021,"We call an even positive integer $n$ [i]nice[/i] if the set $\{1, 2, \dots, n\}$ can be partitioned into $\frac{n}{2}$ two-element subsets, such that the sum of the elements in each subset is a power of $3$. For example, $6$ is nice, because the set $\{1, 2, 3, 4, 5, 6\}$ can be partitioned into subsets $\{1, 2\}$, $\{3, 6\}$, $\{4, 5\}$. Find the number of nice positive integers which are smaller than $3^{2022}$."
train-007155,1,"Define a function $A(m, n)$ by \[ A(m,n) = \left\{ \begin{aligned} &n+1& \text{ if } m = 0 \\ &A(m-1, 1) & \text{ if } m > 0 \text{ and } n = 0 \\ &A(m-1, A(m, n-1))&\text{ if } m > X \text{ and } n > 0. \end{aligned} \right.\]Compute $A(2, 1).$ If we know the answer to the above question is 5, what is the value of unknown variable X?"
train-007188,55,Numbers $m$ and $n$ are on the number line. What is the value of $n-m$?
train-007204,13,"20. In a convex polygon, all its diagonals are drawn. They divide this polygon into a number of smaller polygons (Fig. 4). What is the maximum number of ![](https://cdn.mathpix.com/cropped/2024_05_21_15011fcc7946713185f0g-020.jpg?height=527&width=647&top_left_y=407&top_left_x=285) Fig. 4. sides that a polygon in the partition can have if the original polygon has a) 13 sides; b) * 1950 sides?"
train-007207,32,"Chris received a mark of $50 \%$ on a recent test. Chris answered 13 of the first 20 questions correctly. Chris also answered $25 \%$ of the remaining questions on the test correctly. If each question on the test was worth one mark, how many questions in total were on the test? (A) 23 (B) 38 (C) 32 (D) 24 (E) 40"
train-007278,160,A loonie is a $\$ 1$ coin and a dime is a $\$ 0.10$ coin. One loonie has the same mass as 4 dimes. A bag of dimes has the same mass as a bag of loonies. The coins in the bag of loonies are worth $\$ 400$ in total. How much are the coins in the bag of dimes worth? (A) $\$ 40$ (B) $\$ 100$ (C) $\$ 160$ (D) $\$ 1000$ (E) $\$ 1600$
train-007292,1893,5. A bike lock has four wheels numbered with the digits 0 to 9 in order. Each of the four wheels is rotated by $180^{\circ}$ from the code shown in the first diagram to get the correct code. What is the correct code for the bike lock?
train-007332,120,![](https://cdn.mathpix.com/cropped/2024_05_06_c84f537274823da4b31eg-16.jpg?height=72&width=35&top_left_y=2518&top_left_x=11) 3} ![](https://cdn.mathpix.com/cropped/2024_05_06_c84f537274823da4b31eg-16.jpg?height=186&width=2001&top_left_y=2448&top_left_x=34) ![](https://cdn.mathpix.com/cropped/2024_05_06_c84f537274823da4b31eg-16.jpg?height=52&width=237&top_left_y=2635&top_left_x=20) Do there exist 100 such natural numbers that their sum is equal to their least common multiple? (The numbers can be equal.)
train-007359,8,"(2014·Ezhou Mock Test) Given that the power function $f(x) = x^2 + m$ is defined on the interval \[-1, m\] as an odd function, then $f(m+1) = \_\_\_\_\_\_\_\_\_\_$."
train-007382,34,"Problem 4.7. Denis threw darts at four identical dartboards: he threw exactly three darts at each board, where they landed is shown in the figure. On the first board, he scored 30 points, on the second - 38 points, on the third - 41 points. How many points did he score on the fourth board? (For hitting each specific zone - ring or central field - a certain number of points is awarded.) ![](https://cdn.mathpix.com/cropped/2024_05_06_6da73bfd3e09e8b55e3fg-06.jpg?height=260&width=1136&top_left_y=960&top_left_x=156)"
train-007433,17,"7. (30 points) Point $M$ is the midpoint of the hypotenuse $A C$ of the right triangle $A B C$. Points $P$ and $Q$ on lines $A B$ and $B C$ respectively are such that $A P = P M$ and $C Q = Q M$. Find the measure of angle $\angle P Q M$, if $\angle B A C = 17^{\circ}$. ![](https://cdn.mathpix.com/cropped/2024_05_06_dc247db770ca7d1ba777g-4.jpg?height=683&width=714&top_left_y=518&top_left_x=657)"
train-007457,5,"Given three points $A$, $B$, $C$ on the number line, where the number represented by point $A$ is $a$, the number represented by point $B$ is $b$, and $a$ and $b$ satisfy $\left(a+3\right)^{2}+|b-1|=0$. Folding the number line along one of the three points $A$, $B$, $C$, if the other two points coincide, then the number represented by point $C$ is ____."
train-007460,5,"Find all prime numbers $p,q,r,k$ such that $pq+qr+rp = 12k+1$"
train-007480,1786,"6. (10 points) In the arithmetic expression shown in the figure, different Chinese characters represent different numbers. Therefore, the largest four-digit number that the number ""花园"" can represent is $\qquad$ . Translating the above text to English, while retaining the original text's line breaks and format, the result is as follows: 6. (10 points) In the arithmetic expression shown in the figure, different Chinese characters represent different numbers. Therefore, the largest four-digit number that the number ""Huāyuán"" can represent is $\qquad$ ."
train-007486,20,"29th BMO 1993 Problem The angles in the diagram below are measured in some unknown unit, so that a, b, ... , k, l are all distinct positive integers. Find the smallest possible value of a + b + c and give the corresponding values of a, b, ... , k, l. Solution"
train-007494,5,"Marilyn has 40 bananas that must be put away in boxes. Daniel comes to help and brings 10 cookies to share with Marilyn. If there are 8 boxes, _____ bananas must go in each box."
train-007520,204,"In the diagram, the area of triangle $ABC$ is 36 square units. What is the area of triangle $BCD$? [asy] draw((0,0)--(40,0)--(9,18)--(0,0)); dot((0,0)); label(""$A$"",(0,0),SW); label(""6"",(3,0),S); dot((6,0)); label(""$C$"",(6,0),S); label(""34"",(23,0),S); dot((40,0)); label(""$D$"",(40,0),SE); dot((9,18)); label(""$B$"",(9,18),N); draw((6,0)--(9,18)); [/asy]"
train-007525,450,"Trodgor the dragon is burning down a village consisting of $ 90$ cottages. At time $ t \equal{} 0$ an angry peasant arises from each cottage, and every $ 8$ minutes ($ 480$ seconds) thereafter another angry peasant spontaneously generates from each non-burned cottage. It takes Trodgor $ 5$ seconds to either burn a peasant or to burn a cottage, but Trodgor cannot begin burning cottages until all the peasants around him have been burned. How many [b]seconds[/b] does it take Trodgor to burn down the entire village?"
train-007577,7,"What number is placed in the shaded circle if each of the numbers $1,5,6,7,13,14,17,22,26$ is placed in a different circle, the numbers 13 and 17 are placed as shown, and Jen calculates the average of the numbers in the first three circles, the average of the numbers in the middle three circles, and the average of the numbers in the last three circles, and these three averages are equal?"
train-007636,2,"Given the function values of $g(x)$ in the table below: \begin{tabular}{|c||c|c|c|c|c|} \hline $x$ & 1 & 2 & 3 & 4 & 5 \\ \hline $g(x)$ & 4 & 5 & 2 & 3 & 1 \\ \hline \end{tabular} If $g^{-1}$ exists, calculate $g^{-1}(g^{-1}(g^{-1}(4)))$."
train-007646,216,"8. (8 points) On the desktop, 6 equilateral triangles with a side length of 1 can be used to form a regular hexagon with a side length of 1 (as shown in the figure). If on the desktop, one wants to form a regular hexagon with a side length of 6, then, the number of equilateral triangles with a side length of 1 needed is $\qquad$."
train-007686,210,"3. Answer: $\operatorname{GCD}\left(x_{1}, x_{2}, x_{3}\right)=2, \operatorname{LCM}\left(x_{1}, x_{2}, x_{3}\right)=210$"
train-007738,4,"14. On a rectangular chessboard filled with chess pieces, two players, A and B, take turns to pick up the pieces, following these rules: in a certain row or column, take any continuously placed pieces (i.e., cannot pick across empty spaces), not allowed to skip a turn, and cannot pick from multiple rows (or columns) at once. The game ends when all pieces on the chessboard are taken, and the player who takes the last piece wins. Faced with the chessboard shown in the figure below, the first player has a winning strategy. The first move of the first player should be to take $\qquad$ (write down all correct solutions) to ensure victory."
train-007753,7,"Students all know that $|7-\left(-1\right)|$ represents the absolute value of the difference between $7$ and $-1$, which can also be understood as the distance between the two points representing $7$ and $-1$ on the number line. For example, the geometric meaning of $|x-6|$ is the distance between the point representing the rational number $x$ and the point representing the rational number $6$ on the number line. Explore the following:$(1)$ Find $|3-\left(-2\right)|=$______; if $|x+2|=3$, then $x=$______;$(2)$ The minimum value of $|x-1|+|x+3|$ is ________;$(3)$ When $x=$______, the minimum value of $|x+1|+|x-2|+|x-4|$ is ________;$(4)$ Given $\left(|x+1|+|x-2|\right)\times \left(|y-2|+|y+1|\right)\times \left(|z-3|+|z+1|\right)=36$, find the maximum and minimum values of $x+y+z$."
train-007772,14,Josh had 15 marbles in his collection. He found 9 marbles while he lost 23 marbles.. How many more marbles did he lose than those he found?
train-007824,5,"Given the equations x + 4y = some value and 5x + 6y = 7, we know that 3x + 5y = 5.999999999999999. What is the value of the first equation?"
train-007835,19,"1. Among the 95 numbers $1^{2}, 2^{2}, 3^{2}, \cdots, 95^{2}$, the numbers with an odd digit in the tens place total $\qquad$. untranslated part: $\qquad$"
train-007874,8101,"Geoff walks on the number line for 40 minutes, starting at the point 0. On the $n$th minute, he flips a fair coin. If it comes up heads he walks $\frac{1}{n}$ in the positive direction and if it comes up tails he walks $\frac{1}{n}$ in the negative direction. Let $p$ be the probability that he never leaves the interval $[-2,2]$. Estimate $N=\left\lfloor 10^{4} p\right\rfloor$. An estimate of $E$ will receive $\max \left(0,\left\lfloor 20-20\left(\frac{|E-N|}{160}\right)^{1 / 3}\right\rfloor\right)$ points."
train-007899,5,"Nasim buys trading cards in packages of 5 cards and in packages of 8 cards. He can purchase exactly 18 cards by buying two 5 -packs and one 8 -pack, but he cannot purchase exactly 12 cards with any combination of packages. For how many of the integers $n=24,25,26,27,28,29$ can he buy exactly $n$ cards? (A) 5 (B) 3 (C) 2 (D) 4 (E) 6"
train-007937,109,"4. [6] Ainsley and Buddy play a game where they repeatedly roll a standard fair six-sided die. Ainsley wins if two multiples of 3 in a row are rolled before a non-multiple of 3 followed by a multiple of 3 , and Buddy wins otherwise. If the probability that Ainsley wins is $\frac{a}{b}$ for relatively prime positive integers $a$ and $b$, compute $100 a+b$."
train-007966,630,21 is the smallest number that is divisible by any two numbers. Find the sum of the numbers between the 8th largest and 12th largest common multiples of the two numbers.
train-007989,72,"[b]p1.[/b] Two robots race on the plane from $(0, 0)$ to $(a, b)$, where $a$ and $b$ are positive real numbers with $a < b$. The robots move at the same constant speed. However, the first robot can only travel in directions parallel to the lines $x = 0$ or $y = 0$, while the second robot can only travel in directions parallel to the lines $y = x$ or $y = -x$. Both robots take the shortest possible path to $(a, b)$ and arrive at the same time. Find the ratio $\frac{a}{b}$ . [b]p2.[/b] Suppose $x + \frac{1}{x} + y + \frac{1}{y} = 12$ and $x^2 + \frac{1}{x^2} + y^2 + \frac{1}{y^2} = 70$. Compute $x^3 + \frac{1}{x^3} + y^3 + \frac{1}{y^3}$. [b]p3.[/b] Find the largest non-negative integer $a$ such that $2^a$ divides $$3^{2^{2018}}+ 3.$$ [b]p4.[/b] Suppose $z$ and $w$ are complex numbers, and $|z| = |w| = z \overline{w}+\overline{z}w = 1$. Find the largest possible value of $Re(z + w)$, the real part of $z + w$. [b]p5.[/b] Two people, $A$ and $B$, are playing a game with three piles of matches. In this game, a move consists of a player taking a positive number of matches from one of the three piles such that the number remaining in the pile is equal to the nonnegative difference of the numbers of matches in the other two piles. $A$ and $B$ each take turns making moves, with $A$ making the first move. The last player able to make a move wins. Suppose that the three piles have $10$, $x$, and $30$ matches. Find the largest value of $x$ for which $A$ does not have a winning strategy. [b]p6.[/b] Let $A_1A_2A_3A_4A_5A_6$ be a regular hexagon with side length $1$. For $n = 1$,$...$, $6$, let $B_n$ be a point on the segment $A_nA_{n+1}$ chosen at random (where indices are taken mod $6$, so $A_7 = A_1$). Find the expected area of the hexagon $B_1B_2B_3B_4B_5B_6$. [b]p7.[/b] A termite sits at the point $(0, 0, 0)$, at the center of the octahedron $|x| + |y| + |z| \le 5$. The termite can only move a unit distance in either direction parallel to one of the $x$, $y$, or $z$ axes: each step it takes moves it to an adjacent lattice point. How many distinct paths, consisting of $5$ steps, can the termite use to reach the surface of the octahedron? [b]p8.[/b] Let $$P(x) = x^{4037} - 3 - 8 \cdot \sum^{2018}_{n=1}3^{n-1}x^n$$ Find the number of roots $z$ of $P(x)$ with $|z| > 1$, counting multiplicity. [b]p9.[/b] How many times does $01101$ appear as a not necessarily contiguous substring of $0101010101010101$? (Stated another way, how many ways can we choose digits from the second string, such that when read in order, these digits read $01101$?) [b]p10.[/b] A perfect number is a positive integer that is equal to the sum of its proper positive divisors, that is, the sum of its positive divisors excluding the number itself. For example, $28$ is a perfect number because $1 + 2 + 4 + 7 + 14 = 28$. Let $n_i$ denote the ith smallest perfect number. Define $$f(x) =\sum_{i|n_x}\sum_{j|n_i}\frac{1}{j}$$ (where $\sum_{i|n_x}$ means we sum over all positive integers $i$ that are divisors of $n_x$). Compute $f(2)$, given there are at least $50 $perfect numbers. [b]p11.[/b] Let $O$ be a circle with chord $AB$. The perpendicular bisector to $AB$ is drawn, intersecting $O$ at points $C$ and $D$, and intersecting $AB$ at the midpoint $E$. Finally, a circle $O'$ with diameter $ED$ is drawn, and intersects the chord $AD$ at the point $F$. Given $EC = 12$, and $EF = 7$, compute the radius of $O$. [b]p12.[/b] Suppose $r$, $s$, $t$ are the roots of the polynomial $x^3 - 2x + 3$. Find $$\frac{1}{r^3 - 2}+\frac{1}{s^3 - 2}+\frac{1}{t^3 - 2}.$$ [b]p13.[/b] Let $a_1$, $a_2$,..., $a_{14}$ be points chosen independently at random from the interval $[0, 1]$. For $k = 1$, $2$,$...$, $7$, let $I_k$ be the closed interval lying between $a_{2k-1}$ and $a_{2k}$ (from the smaller to the larger). What is the probability that the intersection of $I_1$, $I_2$,$...$, $I_7$ is nonempty? [b]p14.[/b] Consider all triangles $\vartriangle ABC$ with area $144\sqrt3$ such that $$\frac{\sin A \sin B \sin C}{ \sin A + \sin B + \sin C}=\frac14.$$ Over all such triangles $ABC$, what is the smallest possible perimeter? [b]p15.[/b] Let $N$ be the number of sequences $(x_1,x_2,..., x_{2018})$ of elements of $\{1, 2,..., 2019\}$, not necessarily distinct, such that $x_1 + x_2 + ...+ x_{2018}$ is divisible by $2018$. Find the last three digits of $N$. PS. You had better use hide for answers. Collected [url=https://artofproblemsolving.com/community/c5h2760506p24143309]here[/url]."
train-007993,20,"![](https://cdn.mathpix.com/cropped/2024_05_06_6ed8f1205731b80a0039g-48.jpg?height=163&width=2021&top_left_y=993&top_left_x=13) Side $AB$ of triangle $ABC$ is greater than side $AC$, and $\angle A=40^{\circ}$. Point $D$ lies on side $AB$, such that $BD = AC$. Points $M$ and $N$ are the midpoints of segments $BC$ and $AD$ respectively. Find the angle $BNM$."
train-007999,-8,"1. As shown in Figure 4, in the Cartesian coordinate system, $O$ is the origin, the diagonals of $\square A B O C$ intersect at point $M$, and the hyperbola $y=\frac{k}{x}(x<0)$ passes through points $B$ and $M$. If the area of $\square A B O C$ is 24, then $k=$ . $\qquad$"
train-008010,23,[ Invariants and semi-invariants (miscellaneous) $]$ Game theory_(miscellaneous). $\quad]$
train-008016,18,"4. In the figure below, the same pattern represents the same digit, and different patterns represent different digits. Observe the two vertical equations in the figure: Calculate: $\Omega+\Omega+\cdots+\Omega=$ $\qquad$."
train-008022,21,"4. Nikola had to propose a flag model for his reconnaissance unit. He decided that the flag would consist of one rectangle and 7 congruent squares as shown in the diagram on the right. ![](https://cdn.mathpix.com/cropped/2024_06_05_d711adc0e32ac955c451g-2.jpg?height=182&width=336&top_left_y=570&top_left_x=1130) Furthermore, he decided that $\frac{2}{3}$ of the flag should be painted in one color, but only whole figures should be painted. How many different flags can Nikola make?"
train-008046,52,"Problem 7.5. A rectangle was cut into nine squares, as shown in the figure. The lengths of the sides of the rectangle and all the squares are integers. What is the smallest value that the perimeter of the rectangle can take? ![](https://cdn.mathpix.com/cropped/2024_05_06_adefdf2067937cb67fc7g-23.jpg?height=589&width=817&top_left_y=105&top_left_x=318)"
train-008049,12,"335. Pavement. Looking at the pavement or parquet, the reader has probably often noticed that some of their square sections are sometimes covered with square tiles, and some of these tiles have to be divided into parts. In our diagram, one such square section is shown, covered with 10 square tiles. Since the number 10 is not a square, some tiles had to be cut. In this case, 6 such tiles were cut. It can be observed that pieces 1 and 1 came from one tile, 2 and 2 from another, and so on. ![](https://cdn.mathpix.com/cropped/2024_05_21_56f37ca27ac3d928838dg-105.jpg?height=411&width=420&top_left_y=928&top_left_x=818) If you needed to cover a square section with 29 identical square tiles, how would you do it? What is the minimum number of tiles you would need to cut in half?"
train-008060,1,What is x if x + some number times y equals 10 and y = 3? The answer is x = 1.
train-008109,32,"6、As shown in the figure, the geometric body is composed of some unit small cubes with edge lengths of 1, and there are $\qquad$ small cubes in total. The geometric body, as shown in the figure, is composed of some unit small cubes with edge lengths of 1, and there are $\qquad$ small cubes in total."
train-008147,2,"A trailer carries some crates on a trip, and the total number of crates is 12. Each crate weighs no less than 120 kg. The maximum weight of the crates on a single trip is 600 kg. How many crates does the trailer carry in the third part of the trip?"
train-008161,7,"In the given figure, $ABCD$ is a rectangle and $\triangle ABE$ and $\triangle CDF$ are right triangles. The area of triangle $\triangle ABE$ is $150 \mathrm{~cm}^{2}$ and the segments $AE$ and $DF$ measure, respectively, 15 and $24 \mathrm{~cm}$. What is the length of the segment $CF$? ![](https://cdn.mathpix.com/cropped/2024_05_01_30c9a294a58a6e4b8190g-006.jpg?height=302&width=417&top_left_y=1134&top_left_x=1416)"
train-008162,8,"88. As shown in the figure, two people, A and B, are playing hide-and-seek outside a square wall with a side length of 100 meters. They start from two opposite corners at the same time and walk in a clockwise direction. A walks 50 meters per minute, and B walks 30 meters per minute. Both will stop for 1 minute when they reach a corner. Then, at least after $\qquad$ minutes, A can see B."
train-008193,96,"A circle of radius 2 is tangent to a circle of radius 4. The sides of $\triangle ABC$ are tangent to the circles as shown, and the sides $\overline{AB}$ and $\overline{AC}$ are congruent. What is the area of $\triangle ABC$?"
train-008202,60,"Shapovalov A.V. On the table, 28 coins of the same size are arranged in a triangular shape (see figure). It is known that the total mass of any three coins that touch each other pairwise is 10 g. Find the total mass of all 18 coins on the boundary of the triangle. ![](https://cdn.mathpix.com/cropped/2024_05_06_7181633d50815d79481eg-07.jpg?height=623&width=692&top_left_y=1644&top_left_x=683)"
train-008310,160,"## Task 4 - 280824 Let $k_{1}$ and $k_{2}$ be two concentric circles with center $M$, whose radii are in the ratio $3:1$. Two diameters $A_{1} B_{1}$ and $C_{1} D_{1}$ of $k_{1}$ intersect $k_{2}$ at points $A_{2}, B_{2}$ and $C_{2}, D_{2}$, respectively, as shown in the figure. a) Determine the ratio of the areas of the sector $A_{2} M D_{2}$ and the annular sector $D_{2} B_{2} B_{1} D_{1}$, assuming that $\angle A_{1} M D_{1}$ is a right angle! ![](https://cdn.mathpix.com/cropped/2024_06_06_b85a894aa8dbf722a7b3g-0785.jpg?height=440&width=377&top_left_y=634&top_left_x=1359) b) How should the size of the angle $\angle A_{1} M D_{1}$ be chosen so that the area of the sector $A_{2} M D_{2}$ is equal to the area of the annular sector $D_{2} B_{2} B_{1} D_{1}$?"
train-008329,450,"Toward the end of a game of Fish, the $2$ through $7$ of spades, inclusive, remain in the hands of three distinguishable players: DBR, RB, and DB, such that each player has at least one card. If it is known that DBR either has more than one card or has an even-numbered spade, or both, in how many ways can the players’ hands be distributed?"
train-008340,2020,"# Task 5. (20 points) Find $x_{0}+y_{0}$, if $x_{0}$ and $y_{0}$ are the solutions to the system of equations #"
train-008358,26,"Example 1 As shown in Figure 1, in square $A B C D$, $E$ is a fixed point on $B C$, and $B E=10, E C=14, P$ is a moving point on $B D$. Then the minimum value of $P E+P C$ is $\qquad$ (2006, Zhejiang Province Junior High School Mathematics Competition)"
train-008361,1,"![](https://cdn.mathpix.com/cropped/2024_05_06_040681c08f666ef319b3g-25.jpg?height=83&width=1361&top_left_y=1788&top_left_x=17) Solve the equation $f(f(x))=f(x)$, if $f(x)=\sqrt[5]{3-x^{3}-x}$."
train-008385,210,Compute $\binom{10}{4}$.
train-008405,20,"Problem 11.8. Given a parallelepiped $A B C D A_{1} B_{1} C_{1} D_{1}$. A point $X$ is chosen on the edge $A_{1} D_{1}$, and a point $Y$ is chosen on the edge $B C$. It is known that $A_{1} X=5, B Y=3, B_{1} C_{1}=14$. The plane $C_{1} X Y$ intersects the ray $D A$ at point $Z$. Find $D Z$. ![](https://cdn.mathpix.com/cropped/2024_05_06_df4c0436ab68970fab15g-46.jpg?height=501&width=678&top_left_y=359&top_left_x=388)"
train-008519,1689,"A bar of chocolate is made of 10 distinguishable triangles as shown below. How many ways are there to divide the bar, along the edges of the triangles, into two or more contiguous pieces?"
train-008550,18,"31. The vertex $G$ of the tilted square exactly falls on the $B C$ side of the horizontal square. If the area of the horizontal square is 16, and the area of the shaded triangle is 1, then the area of the tilted square is $\qquad$ untranslated portion: $\qquad$"
train-008583,16,"Example 2 As shown in Figure 3, in rectangle $A B C D$, $A B=20$, $B C=10$. If points $M$ and $N$ are taken on $A C$ and $A B$ respectively, such that the value of $B M+M N$ is minimized, find this minimum value."
train-008622,60,What is 30% of 200?
train-008646,3,George has 5 boxes of eggs. Each box holds a certain number of eggs and there are 9 boxes in a case. George has 15 eggs. How many eggs does each box hold?
train-008662,1,"Consider the function $f:[0,1)\rightarrow[0,1)$ defined by $f(x)=2x-\lfloor 2x\rfloor$, where $\lfloor 2x\rfloor$ is the greatest integer less than or equal to $2x$. Find the sum of all values of $x$ such that $f^{17}(x)=x.$ [i]Proposed by Matthew Weiss"
train-008700,495,"What is the smallest [positive](https://artofproblemsolving.com/wiki/index.php/Positive) [integer](https://artofproblemsolving.com/wiki/index.php/Integer) that can be expressed as the sum of nine consecutive integers, the sum of ten consecutive integers, and the sum of eleven consecutive integers?"
train-008718,360,"47. At the meeting, 6 speakers: A, B, V, G, D, E should speak. In how many ways can the order of their speeches be arranged if, for some reason, A must speak before 5?"
train-008731,137,"What is the largest possible [distance](https://artofproblemsolving.com/wiki/index.php/Distance) between two [points](https://artofproblemsolving.com/wiki/index.php/Point), one on the [sphere](https://artofproblemsolving.com/wiki/index.php/Sphere) of [radius](https://artofproblemsolving.com/wiki/index.php/Radius) 19 with [center](https://artofproblemsolving.com/wiki/index.php/Center) $(-2,-10,5)$ and the other on the sphere of radius 87 with center $(12,8,-16)$?"
train-008740,22,There are $\qquad$ rectangles in the figure.
train-008751,35,"2. Fill the large triangle below with the same small red blocks. 13 red blocks have already been placed, and more red blocks are needed. The large triangle below is to be filled with the same small red blocks, 13 of which have already been placed, and additional red blocks are required."
train-008760,270681,"In the movie ”Prison break $4$”. Michael Scofield has to break into The Company. There, he encountered a kind of code to protect Scylla from being taken away. This code require picking out every number in a $2015\times 2015$ grid satisfying: i) The number right above of this number is $\equiv 1 \mod 2$ ii) The number right on the right of this number is $\equiv 2 \mod 3$ iii) The number right below of this number is $\equiv 3 \mod 4$ iv) The number right on the right of this number is $\equiv 4 \mod 5$ . How many number does Schofield have to choose? Also, in a $n\times n$ grid, the numbers from $ 1$ to $n^2$ are arranged in the following way : On the first row, the numbers are written in an ascending order $1, 2, 3, 4, ..., n$, each cell has one number. On the second row, the number are written in descending order $2n, 2n -1, 2n- 2, ..., n + 1$. On the third row, it is ascending order again $2n + 1, 2n + 2, ..., 3n$. The numbers are written like that until $n$th row. For example, this is how a $3$ $\times$ $3$ board looks like:[img]https://cdn.artofproblemsolving.com/attachments/8/7/0a5c8aba6543fd94fd24ae4b9a30ef8a32d3bd.png[/img]"
train-008874,27,"29. 155 birds are perched on a circle $C$. If $\overbrace{1} P_{1}$, $\leqslant 10^{\circ}$, we say bird $P_{\mathrm{i}}$ and $P_{\mathrm{j}}$ are mutually visible. Find the minimum number of pairs of mutually visible birds (you can assume that several birds can occupy the same position)."
train-008912,12,"The first $20$ numbers of an arrangement are shown below. What would be the value of the $40^{\mathrm{th}}$ number if the arrangement were continued? $\bullet$ Row 1: $2,$ $2$ $\bullet$ Row 2: $4,$ $4,$ $4,$ $4$ $\bullet$ Row 3: $6,$ $6,$ $6,$ $6,$ $6,$ $6$ $\bullet$ Row 4: $8,$ $8,$ $8,$ $8,$ $8,$ X $8, The value is 12. What is the value of unknown variable X?"
train-008917,45,"B2. In the diagram shown, $A B C D$ is a square and point $F$ lies on $B C$. Triangle $D E C$ is equilateral and $E B=E F$. What is the size of $\angle C E F$ ?"
train-008936,36,Exercise 8. Consider a regular five-pointed star (see figure). ![](https://cdn.mathpix.com/cropped/2024_06_04_e23d725cd2c5ceb81650g-4.jpg?height=315&width=317&top_left_y=875&top_left_x=904) Determine the angle $x$ indicated in the figure.
train-008964,26,"6-2. Three aerial photographs were taken of the area, and an equal number of trees were recorded on each photograph. The number of trees in the white areas is indicated in the figure. What is the total number of trees in the gray areas? ![](https://cdn.mathpix.com/cropped/2024_05_06_535cfcd84333341737d0g-08.jpg?height=403&width=625&top_left_y=1209&top_left_x=721)"
train-008967,6,"In the diagram, points $A, B, C$, and $D$ are on a circle. Philippe uses a ruler to connect each pair of these points with a line segment. How many line segments does he draw? ![](https://cdn.mathpix.com/cropped/2024_04_17_c7ef3b511bfae79753a1g-1.jpg?height=385&width=374&top_left_y=1049&top_left_x=1407)"
train-008988,61,"Let $R$ be the rectangle in the Cartesian plane with vertices at $(0,0),(2,0),(2,1)$, and $(0,1)$. $R$ can be divided into two unit squares, as shown; the resulting figure has seven edges. Compute the number of ways to choose one or more of the seven edges such that the resulting figure is traceable without lifting a pencil. (Rotations and reflections are considered distinct.)"
train-009011,11,"$\underline{\text { Folklore }}$ On a plane, a black equilateral triangle is drawn. There are nine triangular tiles of the same size and shape. You need to place them on the plane so that they do not overlap and each tile covers at least a part of the black triangle (at least one point inside it). How can this be done? #"
train-009016,12,"26. As shown in the figure, rectangle $A B C D$ is 4 cm long and 2 cm wide. Now, fold it along its diagonal $B D$ to form a geometric shape. The perimeter of the shaded part in the figure is $\qquad$ cm."
train-009035,17,"Bětka was playing with gears, which she arranged as indicated in the picture. When she then turned one gear, all the others started turning as well. In the end, she was satisfied with a gear system where the first gear had 32 and the second 24 teeth. When the third gear made exactly eight turns, the second gear made five turns and part of a sixth, and the first gear made four turns and part of a fifth. Determine how many teeth the third gear had. (E. Novotná) ![](https://cdn.mathpix.com/cropped/2024_04_17_848c3145926e37c65b12g-3.jpg?height=434&width=837&top_left_y=1082&top_left_x=612) Hint. How many times will the teeth of the first gear engage with the teeth of the second gear if the first gear turns four times?"
train-009059,20,"Suppose $\cos S = 0.5$ in the diagram below. What is $ST$? [asy] pair P,S,T; P = (0,0); S = (6,0); T = (0,6*tan(acos(0.5))); draw(P--S--T--P); draw(rightanglemark(S,P,T,18)); label(""$P$"",P,SW); label(""$S$"",S,SE); label(""$T$"",T,N); label(""$10$"",S/2,S); [/asy]"
train-009104,45,"Given the areas of the three squares in the figure, determine the area of the interior triangle. [asy] /* Modified AMC8-like Problem */ draw((0,0)--(15,0)--(15,8)--cycle); draw((15,0)--(21,0)--(21,8)--(15,8)); draw((0,0)--(0,-15)--(15,-15)--(15,0)); draw((0,0)--(-8,15)--(7,23)--(15,8)); draw((14,0)--(14,1)--(15,1)); label(""225"", (7.5, 11.5)); label(""36"", (18, 4)); label(""225"", (7.5, -7.5)); [/asy]"
train-009130,10,There are 22 different books and 10 different movies in the ' crazy silly school ' series. If you read 12 of the books and watched 56 of the movies. How many more books do you still have to read?
train-009139,74,What is the molecular weight of 3 moles of a certain compound if the molecular weight of those moles is 222?
train-009157,-5765435,What will be the result of 7 ^ 8 - 6 / 2 + 9 ^ 3 + 3 + some number if the result is 95?
train-009195,17,Evaluate $|8-15i|$.
train-009226,8,"Some identical machines, working alone and at their constant rates, take 6 hours to complete a job lot. It would take 5 such machines 9.6 hours to perform the same job. How many machines were initially working on the job?"
train-009231,9,Find $\begin{pmatrix} 3 & 0 \\ 1 & X \end{pmatrix} + \begin{pmatrix} -5 & -7 \\ 4 & -9 \end{pmatrix}. -7 is the answer. What is the value of unknown variable X?
train-009275,230,"8. (3 points) A large cube, four medium cubes, and four small cubes are assembled into a three-dimensional figure as shown in the diagram. It is known that the edge lengths of the large, medium, and small cubes are 5 cm, 2 cm, and 1 cm, respectively. What is the surface area of this three-dimensional figure in square centimeters?"
train-009286,52,"Problem 7.5. A rectangle was cut into nine squares, as shown in the figure. The lengths of the sides of the rectangle and all the squares are integers. What is the smallest value that the perimeter of the rectangle can take? ![](https://cdn.mathpix.com/cropped/2024_05_06_a7569897979ba1659de3g-23.jpg?height=589&width=817&top_left_y=105&top_left_x=318)"
train-009296,1024,"Let the sequence $\{{a}_{n}\}:1,-2,-2,3,3,3,-4,-4,-4,-4,⋯,\underbrace{{(-1)}^{k-1}k,⋯,{(-1)}^{k-1}k}_{k个},⋯$ be defined such that when $\frac{(k-1)k}{2}＜n≤\frac{k(k+1)}{2}$ ($k∈{N}^{*}$), ${a}_{n}={(-1)}^{k-1}k$. Let ${S}_{n}={a}_{1}+{a}_{2}+⋯+{a}_{n}$ ($n∈{N}^{*}$). 1. Write out $S_{1}$, $S_{2}$, $S_{3}$, $S_{4}$. 2. Let ${b}_{k}={S}_{\frac{k(k+1)}{2}}$. Find the general formula for the sequence $\{b_{k}\}$. 3. For $l\in N^{*}$, define the set ${P}_{l}=\{n|\frac{{S}_{n}}{{a}_{n}}∈Z, n∈{N}^{*}, and 1≤n≤l\}$. Find the number of elements in the set $P_{2023}$."
train-009312,11,"6. Use 2 red beads, 2 blue, and 2 purple beads to string into a bracelet as shown in the figure below, you can make $\qquad$ different bracelets. 保留了源文本的换行和格式。"
train-009330,20,"2. If $m, n$ are prime numbers, and the equation $x^{2}-m x+n$ $=0$ has positive integer roots $k$ and $t$, then the value of $m^{\mathrm{n}}+n^{\mathrm{m}}+k^{t}+t^{\mathrm{x}}$ is $\qquad$ -"
train-009383,34,"10. (6 points) As shown in the figure, the side length of each small square is 1. Therefore, the number of shaded rectangles with an area of 2 in the figure is . Translating the text as requested, while retaining the original formatting and line breaks."
train-009405,1236,"Given a 4-digit number ""阳光实验"" that satisfies the conditions: 阳 + 光 + 实 + 验 = 阳光, and 阳 × 光 × 实 × 验 = 实验, then the 4-digit number = ."
train-009525,23,"In a square $WXYZ$ with side length 8, three smaller squares are drawn inside as shown. Two of the squares have side lengths of 4 and one has a side length of 3. Determine the area of the shaded $\text{L}$-shaped region created by these squares. Assume the smaller squares touch each other and the sides of the larger square as in the original setup."
train-009541,400,"Problem 11.2. A square was cut into five rectangles of equal area, as shown in the figure. The width of one of the rectangles is 5. Find the area of the square. ![](https://cdn.mathpix.com/cropped/2024_05_06_86512448fd32765ac040g-41.jpg?height=359&width=393&top_left_y=874&top_left_x=530)"
train-009573,252,"What is the smallest number which, when diminished by 12, is divisible by 8, 12, 22, and 24?"
train-009578,44,"What is the sum of all positive integer values of $n$ that satisfy the equation \[ \cos \Bigl( \frac{\pi}{n} \Bigr) \cos \Bigl( \frac{2\pi}{n} \Bigr) \cos \Bigl( \frac{4\pi}{n} \Bigr) \cos \Bigl( \frac{8\pi}{n} \Bigr) \cos \Bigl( \frac{16\pi}{n} \Bigr) = \frac{1}{32} \, ? \]"
train-009602,24,"If angle PQR is 48 degrees in the given diagram, what is the measure of angle PMN?"
train-009660,7,Problem 6. A square table of size $7 \times 7$ with the four corner squares deleted is given. Figure 4. a) What is the smallest number of squares which need to be colored black so that a 5 -square entirely uncolored Greek cross (Figure 4) cannot be found ![](https://cdn.mathpix.com/cropped/2024_06_03_1ba58ed6da37450ce759g-4.jpg?height=211&width=212&top_left_y=1008&top_left_x=448) on the table? b) Prove that it is possible to writte integers in each square in a way that the sum of the integers in each Greek cross is negative while the sum of all integers in the square table is positive.
train-009662,375,"Explore the completion of the task based on the following materials. 如何合理设计生产计划? | 素材$1$ | 某汽车制造公司计划生产$A$、$B$两种新型汽车投放到市场销售.已知$A$型汽车每辆成本$30$万元,售价$35$万元；$B$型汽车每辆成本$40$万元,售价$50$万元. | |---------|------------------------------------------------------------------------------------------------------------| | 素材$2$ | 若生产成本不超过$1550$万元. | | 任务一 | 若生产了$10$辆$A$型汽车,则最多生产______辆$B$型汽车. | | 任务二 | 若一共生产$40$辆汽车,总利润不低于$365$万元,则有哪几种生产方案?生产利润最高多少? |"
train-009793,74,"15. (15 points) As shown in Figure 1, a square is cut out from the center of a square piece of paper with a side length of 6 cm, resulting in a frame that is 1 cm wide. Four such frames are placed vertically and intersecting on a table as shown in Figure 6. Find the area of the table covered by these frames (the area of the shaded part in Figure 2)."
train-009898,32400,"## Task Condition A cylinder is filled with gas at atmospheric pressure (103.3 kPa). Assuming the gas is ideal, determine the work (in joules) during the isothermal compression of the gas by a piston moving inside the cylinder by $h$ meters (see figure). Hint: The equation of state of the gas $\rho V=$ const, where $\rho$ - pressure, $V$ - volume. $$ H=1.6 \mathrm{m}, h=0.8 \mathrm{m}, R=0.3 \mathrm{m} $$ ![](https://cdn.mathpix.com/cropped/2024_05_22_31c1f87d4364af4121d5g-47.jpg?height=514&width=834&top_left_y=622&top_left_x=1088)"
train-009913,360,for all integers x > 1 . = 2 x + ( 2 x - 1 ) + ( 2 x - 2 ) + . . . . . . 2 + 1 . what is the value of * ?
train-009929,4,"I1.3 In the figure, $B D=b \mathrm{~cm}, D C=c \mathrm{~cm}$ and area of $\triangle A B D=\frac{1}{3} \times$ area of $\triangle A B C$, find the value of $c$."
train-009941,2,"432. Coloring the Map. One morning, Colonel Crackham asked his young son to color all 26 districts of the map shown in the figure, so that any two adjacent districts had different colors. The young man looked at the map for a minute, and then said: - I am short of one color in my box. It turned out that he was right. How many colors did he have? He was not allowed to use black or white colors. \footnotetext{ * This agreement is justified by the following arguments. If we can determine the borders between countries on a map only by color, then if the common border segment of two countries does not reduce to a single point, these countries must have different colors, otherwise we will not be able to find the border between them. If the borders of two countries touch only at one point, we can safely color these countries with the same color; in this case, there will be no confusion about the borders. } ![](https://cdn.mathpix.com/cropped/2024_05_21_56f37ca27ac3d928838dg-150.jpg?height=520&width=511&top_left_y=368&top_left_x=767)"
train-009988,100,"B3. The diagram shows the distribution of bronze, silver, and gold medals at a competition. (a) What is the value of $x$? (see image) (b) Write the ratio of gold, silver, and bronze medals in the smallest possible natural numbers. ![](https://cdn.mathpix.com/cropped/2024_06_07_b93fa657b92bc897cb7bg-05.jpg?height=417&width=423&top_left_y=126&top_left_x=1496) (c) At the competition, 84 medals were awarded. How many bronze, how many silver, and how many gold medals were awarded? (d) How many grams does a bronze medal weigh if it has the shape of a cylinder with a diameter of $7 \mathrm{~cm}$ and a height of 3 $\mathrm{mm}$? The density of bronze is $8700 \frac{\mathrm{kg}}{\mathrm{m}^{3}}$. ## 21st Mathematics Knowledge Competition for Vocational School Students National Competition, May 15, 2021 ## Problems for 3rd Year Time for solving: 90 minutes. In section A, we will award two points for a correct answer, while we will deduct half a point for an incorrect answer. Enter the answers for section A in the left table. In section B, we will award up to seven points for a correct answer. ![](https://cdn.mathpix.com/cropped/2024_06_07_b93fa657b92bc897cb7bg-06.jpg?height=162&width=1198&top_left_y=590&top_left_x=444)"
train-010004,28,[1 Problem](https://artofproblemsolving.com#Problem) [2 Solution](https://artofproblemsolving.com#Solution) [2.1 Solution 1](https://artofproblemsolving.com#Solution_1) [2.2 Solution 2](https://artofproblemsolving.com#Solution_2) [2.3 Solution 3](https://artofproblemsolving.com#Solution_3) [2.4 Video Solution by Sal Khan](https://artofproblemsolving.com#Video_Solution_by_Sal_Khan) [3 See also](https://artofproblemsolving.com#See_also)
train-010021,4,"23.1.3 ** As shown in the figure, an annulus formed by two concentric circles is evenly divided into 7 parts, along with the small central circle, making a total of 8 regions. If these 8 regions are to be colored, what is the minimum number of colors needed to ensure that adjacent regions are colored differently?"
train-010042,28,Snacks are purchased for 17 soccer players. Juice boxes come in packs of 3 and cost $\$ 2.00$ per pack. Apples come in bags of 5 and cost $\$ 4.00$ per bag. Danny buys packs of juice boxes and bags of apples so that every player gets a juice box and an apple. What is the minimum amount of money that Danny spends? (A) $\$ 26.00$ (B) $\$ 28.00$ (C) $\$ 24.00$ (D) $\$ 30.00$ (E) $\$ 36.00$
train-010046,30,"The bisector of an angle is a ray originating from the vertex of the angle that divides it into two other congruent angles. For example, in the drawing below, the ray $O C$ is the bisector of the angle $\angle A O B$. ![](https://cdn.mathpix.com/cropped/2024_05_01_360f8ce7ec440aed2c7ag-04.jpg?height=471&width=517&top_left_y=638&top_left_x=655) a) The difference between two consecutive but non-adjacent angles is $100^{\circ}$. Determine the angle formed by their bisectors. Note: Remember that two angles are consecutive if they share the same vertex and at least one side, and that two angles are adjacent if they do not share any interior points. b) In the drawing below, $D A$ is the bisector of the angle $\angle C A B$. Determine the value of the angle $\angle D A E$ given that $\angle C A B + \angle E A B = 120^{\circ}$ and $\angle C A B - \angle E A B = 80^{\circ}$. ![](https://cdn.mathpix.com/cropped/2024_05_01_360f8ce7ec440aed2c7ag-04.jpg?height=434&width=699&top_left_y=1645&top_left_x=587)"
train-010051,81,"Let $R$ be the rectangle in the Cartesian plane with vertices at $(0,0),(2,0),(2,1)$, and $(0,1)$. $R$ can be divided into two unit squares, as shown; the resulting figure has seven edges. How many subsets of these seven edges form a connected figure?"
train-010061,10,"6. (10 points) Draw 2 straight lines in the figure, and the maximum number of triangles that can be counted is $\qquad$. Fill in the figure with 2 straight lines, the maximum number of triangles that can be counted is $\qquad$."
train-010095,120,"## 10. Four colors Each of the fields of the $4 \times 3$ rectangle, as shown in the figure, must be colored with one of four colors. How many ways can this be done so that any four fields sharing a common vertex are colored with different colors? Result: $\quad 120$ ![](https://cdn.mathpix.com/cropped/2024_05_30_3b422eeffac9eaba122eg-7.jpg?height=242&width=315&top_left_y=1359&top_left_x=1550)"
train-010108,28,"In the figure below, how many ways are there to select two squares which do not share an edge? [asy] size(3cm); for (int t = -2; t <= 2; t=t+1) { draw( shift((t,0))*unitsquare ) ; if (t!=0) draw( shift((0,t))*unitsquare ); } [/asy] [i]Proposed by Evan Chen[/i]"
train-010130,8,"If 1/8 of a pencil is black, 1/2 of the remaining is white, and the remaining 7/2 is blue, find the total length of the pencil."
train-010183,324,"7 rectangles can be divided into $n$ identical squares, and it can also be divided into $n+76$ identical squares, find the value of the positive integer $n$. --- Note: The translation keeps the original format and line breaks as requested. However, the phrase ""7-个长方形"" is translated as ""7 rectangles"" for clarity in English, assuming it refers to 7 rectangles. If it refers to a single rectangle, the correct translation would be ""A rectangle can be divided into $n$ identical squares..."". Please clarify if needed."
train-010184,1,"Let $\mathbf{a} = \begin{pmatrix} 7 \\ -4 \\ -4 \end{pmatrix}$ and $\mathbf{c} = \begin{pmatrix} -2 \\ -1 \\ X \end{pmatrix}.$ Find the vector $\mathbf{b}$ such that $\mathbf{a},$ $\mathbf{b},$ and $\mathbf{c}$ are collinear, and $\mathbf{b}$ bisects the angle between $\mathbf{a}$ and $\mathbf{c}.$ [asy] unitsize(0.5 cm); pair A, B, C, O; A = (-2,5); B = (1,3); O = (0,0); C = extension(O, reflect(O,B)*(A), A, B); draw(O--A,Arrow(6)); draw(O--B,Arrow(6)); draw(O--C,Arrow(6)); draw(interp(A,C,-0.1)--interp(A,C,1.1),dashed); label(""$\mathbf{a}$"", A, NE); label(""$\mathbf{b}$"", B, NE); label(""$\mathbf{c}$"", C, The number of sides of the polygon is 2. What is the value of unknown variable X?"
train-010190,64,14. A rectangular piece of paper is 20 cm long and 12 cm wide. Now it is folded along the diagonal (see figure). What is the perimeter of the shaded part of the figure?
train-010196,135,"## Task 2 - 280612 A large cuboid was divided into small, equally sized cubes. As can be seen in the illustration, some of the small cubes were then removed. However, none of the small cubes that are not visible in the illustration were removed. How many of the small cubes does the remaining body shown in the illustration contain in total? Describe how you found the sought number! ![](https://cdn.mathpix.com/cropped/2024_06_06_b85a894aa8dbf722a7b3g-0263.jpg?height=408&width=374&top_left_y=1292&top_left_x=1366)"
train-010203,10,"Find the number of permutations $(a_1, a_2, a_3, a_4, a_5, a_6)$ of $(1,2,3,4,5,6)$ that satisfy \[\frac{a_1 + 1}{2} \cdot \frac{a_2 + 2}{2} \cdot \frac{a_3 + 3}{2} \cdot \frac{a_4 + 4}{2} \cdot \frac{a_5 + X \cdot \frac{a_6 + 6}{2} > 6!.\] If we know the answer to the above question is 719, what is the value of unknown variable X?"
train-010227,1,"35. In the figure below, the numbers to be filled in each blank are 1 and 5, and the numbers in each row, each column, and each block enclosed by thick lines are not repeated. Therefore, the number to be filled in the blank where (i) is located is $\qquad$ _."
train-010239,3,"1. Given that $z$ is an imaginary number, and $z+\frac{9}{z}$ is a real number, then $|z|=$ untranslated part: 将上面的文本翻译成英文，请保留源文本的换行和格式，直接输出翻译结果。 The correct format should be: 1. Given that $z$ is an imaginary number, and $z+\frac{9}{z}$ is a real number, then $|z|=$"
train-010247,15,"10. As shown in Figure 4, in $\triangle A B C$, $\angle B A C=45^{\circ}$, $A D \perp B C$ at point $D$. If $B D=3, C D=2$, then $S_{\triangle A B C}$ $=$ $\qquad$ ."
train-010258,15,1. Two types of tiles were laid on the wall in a checkerboard pattern. Several tiles fell off the wall. The remaining tiles are shown in the picture. How many striped tiles fell off? Be sure to explain your answer. ![](https://cdn.mathpix.com/cropped/2024_05_06_27f0546c598e51c512d8g-1.jpg?height=414&width=782&top_left_y=730&top_left_x=640)
train-010276,462,We divided the rectangle $\mathrm{ABCD}$ into thirty equal parts. How many different ways can we get from $A$ to $C$ if the length of the path is equal to half the perimeter of the rectangle? ![](https://cdn.mathpix.com/cropped/2024_05_02_29402af40a8bddb19bf7g-1.jpg?height=287&width=328&top_left_y=233&top_left_x=888)
train-010281,3,"2. Half-year grade. By the end of the half-year, Vasya Petrov had the following grades in mathematics in his journal: $4,1,2,5,2$. Before assigning the half-year grade, the math teacher told Vasya: - Vasya, you can choose the method to determine your half-year grade. I offer two options. Method A: the arithmetic mean of the current grades, rounded to the nearest whole number. Method B: the median of the current grades. The best method for Vasya is the one that gives him the highest grade for the half-year. ![](https://cdn.mathpix.com/cropped/2024_05_06_853fe0fb72821c0a3a48g-10.jpg?height=328&width=534&top_left_y=1912&top_left_x=1366) a) (from 6th grade. 1 point). Which method is the best for Vasya? b) (from 6th grade. 2 points). Then the teacher thought and added: - Keep in mind, Vasya, that if you manage to choose the best method for yourself, I will add two more fives to your journal, and then calculate the half-year grade. Prove that under these conditions, Method A is not the best for Vasya."
train-010282,30,"Example 4 As shown in Figure 4, in $\triangle A B C$, $A B=A C, \angle A$ $=100^{\circ}, I$ is the incenter, and $D$ is a point on side $A B$ such that $B D=B I$. Find the measure of $\angle B C D$. Translate the above text into English, please keep the original text's line breaks and format, and output the translation result directly."
train-010324,101,"Set X consists of all two-digit primes and set Y consists of some numbers. If the two sets are combined into one, the range of the new set will be 90. What does set Y consist of?"
train-010381,74,"14. Given that the four-digit number is a multiple of 49, then the maximum value of is? The text has been translated while preserving the original line breaks and format."
train-010394,8,"[ The inscribed angle is equal to half the central angle $]$ [ Congruent triangles. Criteria for congruence (other).] 1) each square has one vertex on the boundary of the circle; 2) the squares do not overlap; 3) each subsequent square touches the previous one vertex to vertex. Determine how many squares Petya can lay out, and prove that the last and the first square will also touch vertex to vertex."
train-010547,2,"![](https://cdn.mathpix.com/cropped/2024_05_06_d3cd76ad0dc53ae543bdg-48.jpg?height=311&width=2041&top_left_y=1668&top_left_x=0) Points $A_{1}, A_{2}, A_{3}, A_{4}, A_{5}, A_{6}$ divide a circle of radius 1 into six equal parts. From $A_{1}$, a ray $l_{1}$ is drawn in the direction of $A_{2}$, from $A_{2}$, a ray $l_{2}$ is drawn in the direction of $A_{3}$, ..., from $A_{6}$, a ray $l_{6}$ is drawn in the direction of $A_{1}$. From point $B_{1}$, taken on ray $l_{1}$, a perpendicular is dropped onto ray $l_{6}$, from the foot of this perpendicular, a perpendicular is dropped onto $l_{5}$, and so on. The foot of the sixth perpendicular coincides with $B_{1}$. Find the segment $B_{1} A_{1}$."
train-010561,2,"In the figure below, the largest circle has a radius of eight meters. Four congruent smaller circles are placed as shown and are lined up in both east-to-west and north-to-south orientations inside the larger circle. What is the radius, in meters, of one of the four smaller circles? [asy] size(3cm,3cm); draw(Circle((0,0),1)); draw(Circle((0,2),1)); draw(Circle((0,-2),1)); draw(Circle((2,0),1)); draw(Circle((-2,0),1)); draw(Circle((0,0),4)); [/asy]"
train-010562,-5,$-|-5|=$____.
train-010577,30,[ [Geometry on graph paper ] How many squares are depicted in the figure ![](https://cdn.mathpix.com/cropped/2024_05_06_1b5b6121a03c921b88efg-28.jpg?height=563&width=580&top_left_y=1251&top_left_x=745) #
train-010588,300,"8. A and B start at the same time, their speeds are shown in the following graph. After 30 minutes, B has walked $\qquad$ meters more than A. 保留源文本的换行和格式，直接输出翻译结果。"
train-010595,10,"7.1. (14 points) Misha drew a triangle with a perimeter of 11 and cut it into parts with three straight cuts parallel to the sides, as shown in the figure. The perimeters of the three shaded figures (trapezoids) turned out to be 5, 7, and 9. Find the perimeter of the small triangle that resulted from the cutting. #"
train-010689,1,"a multiple choice test consists of 4 questions , and each question has 5 answer choices . in how many q ways can the test be completed if every question is unanswered ?"
train-010726,20,2. (8 points) There are $\qquad$ triangles in the figure. The text has been translated while preserving the original formatting and line breaks.
train-010761,4,"2. Task: On each side of a rectangle, draw a rectangle outward using it as the base, with the height being the $n$-th part of the base. Starting from rectangles with equal perimeters, can the value of $n$ be chosen so that the area of the figure composed of 5 rectangles is always the same?"
train-010801,2,"On the number line, the number represented by a point $2$ units to the right of the origin is ______."
train-010823,65,"8-1. Two rectangles $8 \times 10$ and $12 \times 9$ are overlaid as shown in the figure. The area of the black part is 37. What is the area of the gray part? If necessary, round the answer to 0.01 or write the answer as a common fraction. ![](https://cdn.mathpix.com/cropped/2024_05_06_d2d35e627535cd91d6ebg-15.jpg?height=471&width=577&top_left_y=684&top_left_x=745)"
train-010884,20,$3 a$![](https://cdn.mathpix.com/cropped/2024_05_06_02603d12f3437ea52c37g-15.jpg?height=54&width=15&top_left_y=2401&top_left_x=51) $AB$ is the diameter of the circle; $BC$ is the tangent; $D$ is the point of intersection of line $AC$ with the circle. It is known that $AD=32$ and $DC=18$. Find the radius of the circle.
train-010909,-4,Compute \( (1 - i)^4 \).
train-010914,1,[ Quadratic Trinomial Research ] The graph of the function $y=x^{2}+a x+b$ is shown in the figure. It is known that the line $A B$ is perpendicular to the line $y=$ $x$. Find the length of the segment $O C$. ![](https://cdn.mathpix.com/cropped/2024_05_06_c1015ea0b2d2805d8876g-17.jpg?height=595&width=598&top_left_y=334&top_left_x=730)
train-010957,15960,"A rectangular garden of $120 \mathrm{~m}$ by $80 \mathrm{~m}$ was divided into 6 regions as shown in the figure, where $N, M$ and $P$ are midpoints of the sides, and $R$ divides the length in the ratio $1 / 3$. In each region, one of the following types of flowers will be planted: rose, daisy, carnation, love-lies-bleeding, violet, and bromeliad, whose prices per $\mathrm{m}^{2}$ are indicated in the table. What are the possible choices of flowers in each region to spend the least amount possible? ![](https://cdn.mathpix.com/cropped/2024_05_01_dbce7bc2a200e234c3e2g-04.jpg?height=358&width=458&top_left_y=1350&top_left_x=389) | Type | Price per $\mathrm{m}^{2}$ | | :--- | :---: | | rose | 3.50 | | daisy | 1.20 | | carnation | 2.20 | | love-lies-bleeding | 0.80 | | violet | 1.70 | | bromeliad | 3.00 |"
train-010997,112642,"9. (10 points) In a six-digit number, any 3 consecutive digits form a three-digit number that is divisible by 6 or 7. The smallest six-digit number is $\qquad$ 将上面的文本翻译成英文，请保留源文本的换行和格式，直接输出翻译结果。"
train-011010,28,"8. (10 points) As shown in the figure, a large cube with an edge length of 4 is formed by 64 smaller cubes with an edge length of 1. Then, 4 smaller cubes (the shaded part in the figure) are removed from top to bottom. If the inner and outer surfaces of the remaining solid are painted red, how many smaller cubes have exactly two faces painted red? $\qquad$"
train-011050,2,"\section*{Task 1 - 231021} On a chessboard, a queen can move such that from her position, she can reach all fields in the horizontal and vertical rows and the fields of the two diagonals intersecting at her position. In the diagram, the queen's position is marked by a black field, and the reachable fields are marked with dots. Letters and numbers at the edges are to help name the fields (here, the queen is on d2). ![](https://cdn.mathpix.com/cropped/2024_06_06_b85a894aa8dbf722a7b3g-1471.jpg?height=440&width=425&top_left_y=380&top_left_x=1295) On a \(5 \times 5\) square of fields, 5 queens are to be placed such that no queen stands on a field that can be reached by another. Determine whether this is possible, and if so, find all such placements that cannot be transformed into each other by rotation or reflection!"
train-011076,2,"Let $a,$ $b,$ $c,$ $d$ be real numbers, none of which are equal to $-1,$ and let $\omega$ be a complex number such that $\omega^3 = 1$ and $\omega \neq 1.$ If \[\frac{1}{a + \omega} + \frac{1}{b + \omega} + \frac{1}{c + \omega} + \frac{1}{d + \omega} = \frac{2}{\omega},\]then find \[\frac{1}{a + X + \frac{1}{b + 1} + \frac{1}{c +1} + \frac{1}{d + 1}. The answer is 2. What is the value of unknown variable X?"
train-011078,20,7.1. Given a rectangular parallelepiped $2 \times 3 \times 2 \sqrt{3}$. What is the smallest value that the sum of the distances from an arbitrary point in space to all eight of its vertices can take? ![](https://cdn.mathpix.com/cropped/2024_05_06_b6fc33c08418efc8d3bcg-2.jpg?height=394&width=348&top_left_y=1982&top_left_x=243)
train-011093,68,"How many triangles are in the figure below? [asy] draw((0,0)--(40,0)--(40,30)--(0,30)--cycle); draw((20,0)--(20,30)); draw((0,0)--(20,30)); draw((20,0)--(0,30)); draw((20,0)--(40,30)); draw((40,0)--(20,30)); draw((0,15)--(40,15)); draw((10,0)--(10,30)); draw((30,0)--(30,30)); draw((0,0)--(40,30)); // additional diagonal [/asy]"
train-011122,5865864355,simplify 586645 * 9999
train-011161,3900,"## Task 1 - 020711 In Berlin, during the development of the city center, the new residential buildings on Karl-Marx-Allee are being clad with tiles. A tile has the following dimensions: length $\mathrm{l}=29.5 \mathrm{~cm}$, width $\mathrm{b}=12.0 \mathrm{~cm}$. a) Calculate the area of one tile! b) How many tiles are needed for an area of 10.62 m in width and 11.16 m in length? The tiles must not be cut. The joints are to be disregarded. a) The area of one tile is $b \cdot l=29.5 \mathrm{~cm} \cdot 12.0 \mathrm{~cm}=354 \mathrm{~cm}^{2}$. b) To avoid cutting the tiles, the tiles must be laid lengthwise to fill the width of the wall. Then, $93 \cdot 36=3348$ tiles are needed. ![](https://cdn.mathpix.com/cropped/2024_06_06_b85a894aa8dbf722a7b3g-0319.jpg?height=297&width=460&top_left_y=934&top_left_x=250) Gabriele has produced the illustrated workpiece during the school day in socialist production. Rolf wants to determine whether she is capable of calculating the visible area on the illustration using the measurements he has determined. How large is the area? $\mathrm{b}=60 \mathrm{~mm}, \mathrm{c}=34 \mathrm{~mm}, \mathrm{~h}=52 \mathrm{~mm}, \gamma=120^{\circ}, \delta=135^{\circ}$"
train-011163,376,"A man named Juan has three rectangular solids, each having volume $128$. Two of the faces of one solid have areas $4$ and $32$. Two faces of another solid have areas $64$ and $16$. Finally, two faces of the last solid have areas $8$ and $32$. What is the minimum possible exposed surface area of the tallest tower Juan can construct by stacking his solids one on top of the other, face to face? (Assume that the base of the tower is not exposed.)"
train-011223,1496,"The diagram shows a rectangular picture frame $A B C D$ made of eight identical trapezoids. The shaded region is where the picture goes. The length, $A B$, and width, $A D$, of the frame are both positive integers. The area of each individual trapezoidal piece is a prime number. If the area of the shaded region is less than 2000 square units, what is the maximum possible area of the shaded region? ![](https://cdn.mathpix.com/cropped/2024_04_17_2efeb2001664c4e9869eg-2.jpg?height=317&width=748&top_left_y=1958&top_left_x=748)"
train-011319,88,"15. [8] Find the maximum possible value of $H \cdot M \cdot M \cdot T$ over all ordered triples $(H, M, T)$ of integers such that $H \cdot M \cdot M \cdot T=H+M+M+T$."
train-011417,8,"18. What is the minimum number of colors needed to color the cells of an infinite grid paper so that in any figure of four cells of the type shown in Fig. 14, all cells are of different colors? ## 8th grade"
train-011443,35,"Problem 10.6. In a convex quadrilateral $A B C D$, the midpoint of side $A D$ is marked as point $M$. Segments $B M$ and $A C$ intersect at point $O$. It is known that $\angle A B M=55^{\circ}, \angle A M B=$ $70^{\circ}, \angle B O C=80^{\circ}, \angle A D C=60^{\circ}$. How many degrees does the angle $B C A$ measure? ![](https://cdn.mathpix.com/cropped/2024_05_06_d55ea3e8288d58a3f771g-39.jpg?height=371&width=709&top_left_y=89&top_left_x=372)"
train-011460,71071,"3. The tax deduction for children applies until the month in which the taxpayer's income, as reported by the tax agent providing the standard tax deduction, exceeds 350,000 rubles."
train-011465,12,"Eight students attend a Harper Valley ARML practice. At the end of the practice, they decide to take selfies to celebrate the event. Each selfie will have either two or three students in the picture. Compute the minimum number of selfies so that each pair of the eight students appears in exactly one selfie."
train-011469,26,"4. (6 points) A food store sold a total of 100 kilograms of three types of candy priced at 20 yuan, 25 yuan, and 30 yuan per kilogram, earning a total of 2570 yuan. It is known that the total income from selling the 25 yuan per kilogram and 30 yuan per kilogram candies was 1970 yuan. The 25 yuan per kilogram candy was sold for $\qquad$ kilograms. 将上面的文本翻译成英文，请保留源文本的换行和格式，直接输出翻译结果。"
train-011470,126,3. The sides $B C$ and $A D$ of a quadrilateral $A B C D$ are parallel and the diagonals intersect in $O$. For this quadrilateral $|C D|=|A O|$ and $|B C|=|O D|$ hold. Furthermore $C A$ is the angular bisector of angle $B C D$. Determine the size of angle $A B C$. Attention: the figure is not drawn to scale. You have to write down your reasoning step by step in text and formulas. No points will be awarded for annotations in a picture ![](https://cdn.mathpix.com/cropped/2024_04_17_e07875fe43bd53054a56g-1.jpg?height=414&width=505&top_left_y=1483&top_left_x=1392) alone.
train-011479,64,"4-7. Along a straight alley, 100 lamps are placed at equal intervals, numbered sequentially from 1 to 100. At the same time, from different ends of the alley, Petya and Vasya started walking towards each other at different constant speeds (Petya from the first lamp, Vasya from the hundredth). When Petya was at the 22nd lamp, Vasya was at the 88th lamp. At which lamp will their meeting occur? If the meeting occurs between two lamps, indicate the smaller number of these two. ![](https://cdn.mathpix.com/cropped/2024_05_06_d2d35e627535cd91d6ebg-03.jpg?height=485&width=1865&top_left_y=1131&top_left_x=107)"
train-011492,171,"In the diagram, what is the value of $y?$ [asy] draw(Arc((0,0),1,-120,42)); draw((-2,-2*sqrt(3))--(4,4*sqrt(3))--(4,-2*sqrt(3))--(-2*sqrt(3)/1.2,-2*sqrt(3))--(4,3)); draw((3.7,-2*sqrt(3))--(3.7,-2*sqrt(3)+.3)--(4,-2*sqrt(3)+.3)); label(""$72^\circ$"",(4,1.5),W); label(""$45^\circ$"",(-1.2,-2*sqrt(3)),N); label(""$y^\circ$"",(1,-1)); [/asy]"
train-011520,2,"| ![](https://cdn.mathpix.com/cropped/2024_05_06_dc53e83c4670b2e19022g-14.jpg?height=114&width=590&top_left_y=1118&top_left_x=486) | | | :---: | :---: | :---: | | | Rebus Peremyslumae | | Avoro: Zasslasy A . A. The number of the current olympiad (70) is formed by the last digits of the year it is held, written in reverse order. How many more times will this situation repeat in this millennium?"
train-011581,20,"In a certain league, there are some teams, and each team faces another team for a total of 4 times. A total of 760 games are played in the season. How many teams are in the league?"
train-011663,100,"Three, (25 points) Given that $m$ and $n$ ($m>n$) are positive integers, and the last three digits of $3^{m}$ and $3^{n}$ are the same. Find the minimum value of $m-n$. 保留源文本的换行和格式，翻译结果如下： ``` Three, (25 points) Given that $m$ and $n$ ($m>n$) are positive integers, and the last three digits of $3^{m}$ and $3^{n}$ are the same. Find the minimum value of $m-n$. ```"
train-011713,110,"Circle $C_0$ has radius $1$, and the point $A_0$ is a point on the circle. Circle $C_1$ has radius $r<1$ and is internally tangent to $C_0$ at point $A_0$. Point $A_1$ lies on circle $C_1$ so that $A_1$ is located $90^{\circ}$ counterclockwise from $A_0$ on $C_1$. Circle $C_2$ has radius $r^2$ and is internally tangent to $C_1$ at point $A_1$. In this way a sequence of circles $C_1,C_2,C_3,\ldots$ and a sequence of points on the circles $A_1,A_2,A_3,\ldots$ are constructed, where circle $C_n$ has radius $r^n$ and is internally tangent to circle $C_{n-1}$ at point $A_{n-1}$, and point $A_n$ lies on $C_n$ $90^{\circ}$ counterclockwise from point $A_{n-1}$, as shown in the figure below. There is one point $B$ inside all of these circles. When $r = \frac{11}{60}$, the distance from the center $C_0$ to $B$ is $\frac{m}{n}$, where $m$ and $n$ are relatively prime positive integers. Find $m+n$."
train-011719,10,"9. From the squares labeled $1,2,3,4,5,6,7$ on the side of the paperboard, select 2 (remove the other 5), and fold them with the 4 squares inscribed with “战”, “胜”, “疫”, “情” into a square paper box. There are $\qquad$ different ways to do this."
train-011748,32,"10. (12 points) As shown in the figure, starting from point $A$, it is required to pass through every road exactly once, and finally return to point $A$. Then, the number of ways that satisfy the condition is $\qquad$ kinds."
train-011801,-2,"Let \\(f(x) = ax^2 + bx + 2\\) be an even function defined on the interval \\([1+a, 1]\\). Then, \\(a + 2b = (\ )\\)."
train-011815,91,"4. There are dozens of holes (less than 100) on a circle, as shown in the figure. Xiao Ming, like playing checkers, starts from hole A and jumps in a counterclockwise direction, skipping a certain number of holes each step, hoping to return to hole A after one full circle. He first tries to jump by skipping 2 holes each step, but he only lands on hole B. Then he tries to jump by skipping 4 holes each step, and he still only lands on hole B. Finally, he jumps by skipping 6 holes each step and successfully returns to hole A. Do you know how many holes are on this circle?"
train-011856,75,Peyton puts $30 \mathrm{~L}$ of oil and $15 \mathrm{~L}$ of vinegar into a large empty can. He then adds $15 \mathrm{~L}$ of oil to create a new mixture. What percentage of the new mixture is oil? (A) 75 (B) 25 (C) 45 (D) 50 (E) 60
train-011876,5,"A certain class of Grade 7 (1) organized students to go to the park for a trip. There were 50 students from the class participating in rowing activities (rowing instructions as shown in the figure). They rented a total of 10 boats, and each boat was fully occupied. How many large boats were rented? Rowing Instructions: - A large boat can seat up to 6 people. - A small boat can seat up to 4 people. - The rental fee for each large boat is $10. - The rental fee for each small boat is $8."
train-011879,136,"6. (3 points) Two differently sized cubic building blocks are glued together, forming the solid figure shown in the diagram. The four vertices of the smaller cube's glued face are the non-midpoint quarter points of the larger cube's glued face edges. If the edge length of the larger cube is 4, then the surface area of this solid figure is $\qquad$ ."
train-011911,30,"30. As shown in the figure, in rectangle $A B C D$, diagonals $A C, B D$ intersect at point $O, B E$ bisects $\angle A B C$ and intersects $A C$ at point $F$, and intersects $A D$ at point $E$, and $\angle D B F=15^{\circ}$. Therefore, $\angle B E O=$ $\qquad$ $\circ$."
train-011945,400,"Problem 11.2. A square was cut into five rectangles of equal area, as shown in the figure. The width of one of the rectangles is 5. Find the area of the square. ![](https://cdn.mathpix.com/cropped/2024_05_06_3890a5f9667fd1ab5160g-41.jpg?height=359&width=393&top_left_y=874&top_left_x=530)"
train-012020,1232616,14. (15 points) Find the sum of all natural numbers less than 2001 that are coprime with 2001. 保留源文本的换行和格式，直接输出翻译结果。
train-012038,78,Problem 3. Answer: $n=78$ #
train-012057,2023,"Exercise 6. Let $x, y$ be positive integers such that $1 \leqslant y < x$. We say that the pair $(x, y)$ is pretty if $x$ and $y$ have exactly $x - y$ positive divisors in common. For example, 30 and 42 have exactly 4 divisors in common: $1, 2, 3$, and 6. Since $42 - 30 = 12 \neq 4$, the pair $(42, 30)$ is not pretty. On the other hand, the pair $(8, 6)$ is pretty, because 6 and 8 have $8 - 6 = 2$ positive divisors in common: 1 and 2. For any integer $n \geqslant 2$, we denote by $s(n)$ the number of pairs of integers $(x, y)$ such that $1 \leqslant y < x \leqslant n$ and that $(x, y)$ is pretty. a) Does there exist an integer $n \geqslant 2$ such that $s(n) = 2022$? b) Does there exist an integer $n \geqslant 2$ such that $s(n) = 2023$?"
train-012070,5,"Frank was reading through his favorite book. The book had 193 pages equally distributed over 15 chapters. It took Frank some days to finish the book, reading 44 chapters per day. How many days did it take Frank to finish the book?"
train-012076,26,"A word is the antonym of 26. It means - rarely, and not often. What is the word?"
train-012079,48,"8. (10 points) Ningning, Leilei, and Fanfan rented a car together to go home from school (as shown in the figure). They agreed: the cost of the shared part of the ride would be equally shared by the passengers; the cost of the individual part of the ride would be borne by the individual passenger. In the end, the three of them paid 10 yuan, 25 yuan, and 85 yuan respectively, with Ningning's home being 12 kilometers from the school, and Fanfan's home being $\qquad$ kilometers from the school."
train-012124,2,"The number of subsets of the set $M={x|x^{2}-2x+1=0, a∈R}$ is $\_\_\_\_\_\_\ $."
train-012137,65,"2. In the cells of a $9 \times 9$ square, zeros and ones are arranged in such a way that in any figure of four cells in the shape of $\square$, the sum of the numbers is odd. (The figure can be rotated and flipped). What is the maximum number of ones that can be in such an arrangement?"
train-012151,3,"Below is a portion of the graph of a function, $y=f(x)$: [asy] import graph; size(8cm); real lsf=0.5; pen dps=linewidth(0.7)+fontsize(10); defaultpen(dps); pen ds=black; real xmin=-4.25,xmax=4.25,ymin=-7.25,ymax=6.25; pen cqcqcq=rgb(0.75,0.75,0.75); /*grid*/ pen gs=linewidth(0.7)+cqcqcq+linetype(""2 2""); real gx=1,gy=1; for(real i=ceil(xmin/gx)*gx;i<=floor(xmax/gx)*gx;i+=gx) draw((i,ymin)--(i,ymax),gs); for(real i=ceil(ymin/gy)*gy;i<=floor(ymax/gy)*gy;i+=gy) draw((xmin,i)--(xmax,i),gs); Label laxis; laxis.p=fontsize(10); xaxis("""",xmin,xmax,Ticks(laxis,Step=1.0,Size=2,NoZero),Arrows(6),above=true); yaxis("""",ymin,ymax,Ticks(laxis,Step=1.0,Size=2,NoZero),Arrows(6),above=true); real f2(real x){return 3.125-(x+1)^2/3;} draw(graph(f2,-4.25,4.25),linewidth(1)); clip((xmin,ymin)--(xmin,ymax)--(xmax,ymax)--(xmax,ymin)--cycle); label(""$y=f(x)$"",(4.5,-6),E); [/asy] If the graph of $y=f(x-4)$ is drawn on the same set of axes as the graph above, then the two graphs intersect at one point. What is the sum of the coordinates of that point?"
train-012212,36,"11. (15 points) As shown in the figure, a regular hexagon with a side length of 3 is divided into 54 small equilateral triangles with a side length of 1 by 3 sets of lines parallel to its sides. How many regular hexagons can be formed with the vertices of these small equilateral triangles?"
train-012221,9,What is the positive difference between the median and the mode of the data given in the stem and leaf plot below? In this plot $5|8$ represents $58.$ \begin{tabular}{|c|c|}\hline \textbf{Tens} & \textbf{Units} \\ \hline 1 & $2 \hspace{2mm} 3 \hspace{2mm} 4 \hspace{2mm} 5 \hspace{2mm} 5$ \\ \hline 2 & $2 \hspace{2mm} 2 \hspace{2mm} 2 \hspace{2mm} \hspace{2mm} \hspace{2mm} \hspace{1.5mm}$ \\ \hline 3 & $1 \hspace{2mm} 1 \hspace{2mm} 8 \hspace{2mm} 9 \hspace{2mm} \hspace{1.9mm}$ \\ \hline 4 & $ 0 \hspace{2mm} 1 \hspace{2mm} X \hspace{2mm} 3 \hspace{2mm} \hspace{1.9mm}$ \\ \hline 5 & $ 2 \hspace{2mm} 8 \hspace{2mm} 9 \hspace{2mm} \hspace{2mm} \hspace{2mm} \hspace{1. The value of 5mm is 9. What is the value of unknown variable X?
train-012278,10,"Professor Ciconete drew the following points on the board: Then, he asked his students how many squares with vertices at such points can be drawn. What is the correct answer to Professor Ciconete's question? #"
train-012287,9,"Example 2 As shown in Figure 2, in $\triangle A B C$, the side $A B=2, A C$ $=3, \mathrm{I},$ II, III represent the squares with sides $A B, B C, C A$ respectively. Then the maximum value of the sum of the areas of the three shaded parts in the figure is $\qquad$ ."
train-012299,13,"$\triangle ABC$ and $\triangle DBC$ share $BC$. $AB = 5\ \text{cm}$, $AC = 12\ \text{cm}$, $DC = X \text{cm}$, and $BD = 20\ \text{cm}$. What is the least possible integral number of centimeters in $BC$? [asy] size(100); import graph; currentpen = fontsize(10pt); pair B = (0,0), C = (13,0), A = (-5,7), D = (16,10); draw(B--A--C--cycle); draw(B--D--C); label(""$A$"",A,W); label(""$B$"",B,W); label(""$C$"",C,E); label(""$D$"",D, E) The answer 13. What is the value of unknown variable X?"
train-012357,9,"20. The adventure-enthusiast boy Luffy, during a voyage, arrives at Palm Island, where he is drawn to a mysterious symbol composed of triangles on a stone pillar. As shown in the figure, to draw this symbol without retracing any lines, at least $\qquad$ turns are needed."
train-012366,2005,"[Maximum and minimum tasks (miscellaneous).] [ Examples and counterexamples. Constructions ] Avoo: $:$ Tamp On a circle, 2009 numbers are arranged, each of which is either 1 or -1, and not all numbers are the same. Consider all possible sets of ten consecutive numbers. We will find the product of the numbers in each set of ten and sum them. What is the maximum sum that can be obtained?"
train-012476,120,4-1. Katya attached a square with a perimeter of 40 cm to a square with a perimeter of 100 cm as shown in the figure. What is the perimeter of the resulting figure in centimeters? ![](https://cdn.mathpix.com/cropped/2024_05_06_7c4dd4d2d6040292f233g-01.jpg?height=281&width=374&top_left_y=676&top_left_x=844)
train-012482,16,"10. (10 points) As shown in the figure, a $6 \times 6$ grid table, now fill the numbers $1 \sim 6$ into the blank cells so that each row and each column contains the numbers 1 to 6 exactly once; some numbers are already filled in the figure. The number of ways to fill the remaining cells to meet the requirements is $\qquad$ kinds."
train-012497,68,"# Task № 6.2 ## Condition: Anya, Tanya, and Vanya had identical cardboard squares with a side of 15 cm. Each of them cut off two rectangles from their square, as shown in the figure, and all 6 rectangles are the same. The perimeter of Anya's figure is 88 cm, and the perimeter of Vanya's figure is 80 cm. ![](https://cdn.mathpix.com/cropped/2024_05_06_844ecc6fa8537977a6eag-22.jpg?height=337&width=349&top_left_y=557&top_left_x=251) Anya ![](https://cdn.mathpix.com/cropped/2024_05_06_844ecc6fa8537977a6eag-22.jpg?height=337&width=328&top_left_y=554&top_left_x=884) Vanya ![](https://cdn.mathpix.com/cropped/2024_05_06_844ecc6fa8537977a6eag-22.jpg?height=326&width=322&top_left_y=565&top_left_x=1478) Tanya Find the perimeter of Tanya's figure. Express your answer in centimeters."
train-012552,6,"Problem 5.4. The school principal, the caretaker, and the parent committee, failing to agree with each other, each bought a carpet for the school auditorium, which is $10 \times 10$. After thinking about what to do, they decided to place all three carpets as shown in the picture: the first carpet $6 \times 8$ - in one corner, the second carpet $6 \times 6$ - in the opposite corner, and the third carpet $5 \times 7$ - in one of the remaining corners (all dimensions are in meters). Find the area of the part of the hall covered by carpets in three layers (give the answer in square meters). ![](https://cdn.mathpix.com/cropped/2024_05_06_1f1bf0225c3b69484645g-10.jpg?height=337&width=1003&top_left_y=304&top_left_x=225)"
train-012561,10,Find $325_{8}-237_{8}$. Express your answer in base X$. The answer is 8. What is the value of unknown variable X?
train-012581,1011,"28. The Chinese characters “希”, “望”, “数” each represent a number. Multiply them in pairs, and add the three products together. Then, multiply “希 +1 ”, “望 +1 ”, “数 +1 ” in pairs, and add the three products together. The difference between the two sums is 2025. Therefore, “希” + “望” + “数” = $\qquad$"
train-012620,74,"6. Among the 100 natural numbers from 1 to 100, there are $\qquad$ numbers that can be expressed in the form $m n+m+n(m, n$ are positive integers $)$. 保留了原文的换行和格式，但请注意，原文中的“向然数”和“能表示戊”可能是输入错误，正确的应该是“自然数”和“能表示为”。同样，在翻译中，我将这些错误更正为了“natural numbers”和“can be expressed in the form”。"
train-012667,5,Russian problems Problem 53 What is the smallest number of tetrahedrons into which a cube can be partitioned? Solution
train-012740,84,[ Tangent Circles ] #
train-012755,147938,"Side $\overline{A B}$ of $\triangle A B C$ is the diameter of a semicircle, as shown below. If $A B=3+\sqrt{3}, B C=3 \sqrt{2}$, and $A C=2 \sqrt{3}$, then the area of the shaded region can be written as $\frac{a+(b+c \sqrt{d}) \pi}{e}$, where $a, b, c, d, e$ are integers, $e$ is positive, $d$ is square-free, and $\operatorname{gcd}(a, b, c, e)=1$. Find $10000 a+1000 b+100 c+10 d+e$."
train-012785,2,4. $[2]$ Find the height at which the ball first contacts the right side.
train-012795,19,11. What is the smallest prime number that is the sum of three different prime numbers? A 11 B 15 C 17 D 19 E 23
train-012802,8,"7. (10 points) As shown in the figure, it consists of 4 regular hexagons, each with an area of 6. Using the vertices of these 4 regular hexagons as vertices, the number of equilateral triangles that can be connected with an area of 4 is $\qquad$."
train-012856,50,Juan needs 10 half-gallons of milk to bake 40 cookies with. How many half-gallons of milk does Juan need to bake 200 dozen cookies?
train-012873,46656,"Pedrinho is playing with matchstick arrangements. He arranges his matchsticks to form equilateral triangles, as shown in the figure below: ![](https://cdn.mathpix.com/cropped/2024_05_01_d02c2755ad3373bde08ag-16.jpg?height=550&width=632&top_left_y=502&top_left_x=593) Pedrinho wants to paint each matchstick in his arrangement in such a way that each triangle has its sides painted with exactly two different colors. For this, he has red, blue, and black paints. In how many ways can he paint the arrangement?"
train-012890,3,21. The number of cars outside the square is more than the number of cars outside the circle by $\qquad$ vehicles.
train-012935,1,"Elective 4-5: Special Lecture on Inequalities Given that the solution set of the inequality $|x+3|-2x-1 0)$ has a zero, find the value of the real number $m$."
train-012939,9,"Philena and Nathan are playing a game. First, Nathan secretly chooses an ordered pair $(x, y)$ of positive integers such that $x \leq 20$ and $y \leq 23$. (Philena knows that Nathan’s pair must satisfy $x \leq 20$ and $y \leq 23$.) The game then proceeds in rounds; in every round, Philena chooses an ordered pair $(a, b)$ of positive integers and tells it to Nathan; Nathan says YES if $x \leq a$ and $y \leq b$, and NO otherwise. Find, with proof, the smallest positive integer $N$ for which Philena has a strategy that guarantees she can be certain of Nathan’s pair after at most $N$ rounds."
train-012964,14,√ ( 14 ) ^ 2
train-013004,16,"8-7. $A B C D$ is a square. Find the angle $x$, marked in the picture. Give the answer in degrees. ![](https://cdn.mathpix.com/cropped/2024_05_06_1421239a8d2e12a5ec5fg-04.jpg?height=854&width=686&top_left_y=1892&top_left_x=685)"
train-013037,20,"Problem 11.8. Given a parallelepiped $A B C D A_{1} B_{1} C_{1} D_{1}$. A point $X$ is chosen on the edge $A_{1} D_{1}$, and a point $Y$ is chosen on the edge $B C$. It is known that $A_{1} X=5, B Y=3, B_{1} C_{1}=14$. The plane $C_{1} X Y$ intersects the ray $D A$ at point $Z$. Find $D Z$. ![](https://cdn.mathpix.com/cropped/2024_05_06_b46fbd582cc3a82460aeg-46.jpg?height=501&width=678&top_left_y=359&top_left_x=388)"
train-013047,36,"How many positive divisors do 9180 and 10080 have in common, given that both numbers are exactly divisible by 7?"
train-013090,4,"What is the smallest positive integer $t$ such that there exist integers $x_{1},x_{2}, \cdots, x_{t}$ with \[{x_{1}}^{3}+{x_{2}}^{3}+\cdots+{x_{t}}^{3}=2002^{2002}\;\;?\]"
train-013146,1022,"Farmer James wishes to cover a circle with circumference $10\pi$ with six different types of colored arcs. Each type of arc has radius $5$, has length either $\pi$ or $2\pi$, and is colored either red, green, or blue. He has an unlimited number of each of the six arc types. He wishes to completely cover his circle without overlap, subject to the following conditions: [list][*] Any two adjacent arcs are of different colors. [*] Any three adjacent arcs where the middle arc has length $\pi$ are of three different colors. [/list] Find the number of distinct ways Farmer James can cover his circle. Here, two coverings are equivalent if and only if they are rotations of one another. In particular, two colorings are considered distinct if they are reflections of one another, but not rotations of one another. [i]Proposed by James Lin.[/i]"
train-013153,40,"7. (10 points) 6 small circles of equal radius and 1 large circle are arranged as shown in the figure. The area of the large circle is 120. Therefore, the area of one small circle is $\qquad$ ."
train-013181,30,"In the diagram, determine the value of $x$. Assume similar setup with angles around the central point as: - First angle is $3x^\circ$ - Second angle is $6x^\circ$ - Third angle is $x^\circ$ - Fourth angle is $2x^\circ$"
train-013227,47,"12. A little ant lives in a rectangular cave (as shown in the figure, the lines represent paths). It crawls from point $A$ to point $B$, then to point $C$, and finally to point $D$, covering a total of 22 cm; It crawls from point $A$ to point $D$, then to point $C$, and finally to point $B$, covering a total of 29 cm; It crawls from point $A$ to point $B$, then to point $C$, and finally back to point $A$, covering a total of 30 cm. If the little ant starts from point $A$, crawls along every path in the cave, and finally arrives at point $C$, then it has crawled at least $\qquad$ cm."
train-013245,-5,The line with equation $y=x$ is translated 3 units to the right and 2 units down. What is the $y$-intercept of the resulting line? (A) -1 (B) -2 (C) -5 (D) 3 (E) 4
train-013296,3,"8. A figure composed of some vertices and edges is called a graph. Coloring the vertices of a graph with different colors, requiring that two vertices connected by the same edge be colored differently, is called vertex coloring of a graph. The usual problem studied in graph vertex coloring is the minimum number of colors needed to complete the coloring, which is called the chromatic number of the graph. The graph below is called the Petersen graph, and the chromatic number of the Petersen graph is _"
train-013341,6,How many integers fall between $\sqrt{8}$ and $\sqrt{75}$ on a number line?
train-013349,54,"Find the volume of the region in space defined by \[ |x + y + 2z| + |x + y - 2z| \le 12 \] and \(x, y, z \ge 0\)."
train-013362,0,Example 11 Prove: \[ \begin{array}{l} 1990 \times\left[\frac{1}{1990} C_{1990}^{0}-\frac{1}{1989} C_{1999}^{1}+ \\ \frac{1}{1988} C_{1988}^{2}-\cdots+\frac{(-1)^{m}}{1990-m} C_{1900-m}^{m}+ \\ \left.\cdots-\frac{1}{995} C_{995}^{995}\right]+1=0 . \end{array} \]
train-013396,8,"10. The frog jumps along the line in the order of $1 \rightarrow 2 \rightarrow 3 \rightarrow 4 \rightarrow 5 \rightarrow 6$, there are $\qquad$ different routes."
train-013419,441,"A jar has $10$ red candies and $10$ blue candies. Terry picks two candies at random, then Mary picks two of the remaining candies at random. Given that the [probability](https://artofproblemsolving.com/wiki/index.php/Probability) that they get the same color combination, irrespective of order, is $m/n,$ where $m$ and $n$ are [relatively prime](https://artofproblemsolving.com/wiki/index.php/Relatively_prime) [positive integers](https://artofproblemsolving.com/wiki/index.php/Positive_integer), find $m+n.$"
train-013514,2,"13. A road passes through Rabbit Town, Peacock Town, and Deer Town in succession. At two points along this road, you can see the following two road signs, one of which is missing a piece. The missing piece should read $\qquad$ kilometers."
train-013525,372,"In the diagram below, how many distinct paths are there from January 1 to December 31, moving from one adjacent dot to the next either to the right, down, or diagonally down to the right?"
train-013529,0,"If $\mathbf{a}$, $\mathbf{b}$, and $\mathbf{c}$ are three orthogonal unit vectors, with an angle of $\frac{\pi}{4}$ between $\mathbf{a}$ and $\mathbf{b}$, compute the volume of the parallelepiped generated by $\mathbf{a},$ $\mathbf{b} + \mathbf{b} \times \mathbf{a},$ and $\mathbf{c}.$"
train-013549,12,"In the figure shown, the ratio of $BD$ to $DC$ is $5$ to $2$. The area of $\triangle ABD$ is $30$ square centimeters. Calculate the area of $\triangle ADC$. [asy] size(85); defaultpen(linewidth(1)+fontsize(10)); pair A = (0,5.5), B=(0,0), D = (2,0), C = (3.75,0); draw(A--B--C--A--D); label(""A"",A,N); label(""B"",B,S); label(""C"",C,S); label(""D"",D,S); draw(rightanglemark(A,B,C,8),linewidth(0.7)); [/asy]"
train-013558,-90,5. [5] Suppose that $x$ and $y$ are complex numbers such that $x+y=1$ and that $x^{20}+y^{20}=20$. Find the sum of all possible values of $x^{2}+y^{2}$.
train-013562,14,"16. [6] After walking so much that his feet get really tired, the beaver staggers so that, at each step, his coordinates change by either $(+1,+1)$ or $(+1,-1)$. Now he walks from $(0,0)$ to $(8,0)$ without ever going below the $x$-axis. How many such paths are there?"
train-013576,925,"7. In the right figure, there are 10 beads on each of the three rods of the abacus. By dividing the beads on each rod into upper and lower parts, we get two three-digit numbers. The upper part must be a three-digit number with all different digits, and it must be a multiple of the lower three-digit number. The three-digit number of the upper part is"
train-013593,725,"3. Real numbers $a, b, c$ satisfy the equations $a+b+c=26,1 / a+1 / b+1 / c=28$. Find the value of $$ \frac{a}{b}+\frac{b}{c}+\frac{c}{a}+\frac{a}{c}+\frac{c}{b}+\frac{b}{a} . $$"
train-013597,10,"![](https://cdn.mathpix.com/cropped/2024_05_06_6ba7643fcbc3b9c222e2g-06.jpg?height=115&width=2044&top_left_y=1146&top_left_x=13) [ Law of Cosines } In an isosceles trapezoid $ABCD (AB = CD)$, a circle is inscribed. Let $M$ be the point of tangency of the circle with side $CD$, $K$ be the point of intersection of the circle with segment $AM$, and $L$ be the point of intersection of the circle with segment $BM$. Calculate the value of $\frac{AM}{AK} + \frac{BM}{BL}$."
train-013602,14,Six rhombi of side length 1 are arranged as shown. What is the perimeter of this figure?
train-013616,19,"Gabriel draws squares divided into nine cells and writes the natural numbers from 1 to 9, one in each cell. He then calculates the sum of the numbers in each row and each column. The figure shows one of Gabriel's squares; note that the sum of the numbers in the third row is \(5+8+2=15\) and the sum of the numbers in the second column is \(9+7+8=24\). In this example, the six sums are 6, 12, 15, 15, 18, and 24. | | 9 | 3 | | :---: | :---: | :---: | | 4 | 7 | 1 | | 5 | 8 | 2 | a) Gabriel filled in a square and made only five sums: 9, 13, 14, 17, and 18. What is the missing sum? b) Explain why it is not possible for all the sums in one of Gabriel's squares to be even numbers. c) Fill in the square so that the sums are 7, 13, 14, 16, 18, and 22. ![](https://cdn.mathpix.com/cropped/2024_05_01_1c2853cb1112cfb2ee2dg-05.jpg?height=240&width=248&top_left_y=228&top_left_x=1007)"
train-013665,5,"19. As shown in the figure, $D, E$ are on the line segment $A C$, $A B=A E, B C=C D, \angle B A C=20^{\circ}, \angle A C B=30^{\circ}$, then $\angle A B D-\angle C B E=$ $\qquad$ $\circ$."
train-013682,0,"18. Call the pentominoes found in the last problem square pentominoes. Just like dominos and ominos can be used to tile regions of the plane, so can square pentominoes. In particular, a square pentomino tiling of a region of the plane is a way of covering it (and only it) completely by nonoverlapping square pentominoes. How many square pentomino tilings are there of a 12 -by- 12 rectangle?"
train-013693,90,"As shown in the following figure, a heart is a shape consist of three semicircles with diameters $AB$, $BC$ and $AC$ such that $B$ is midpoint of the segment $AC$. A heart $\omega$ is given. Call a pair $(P, P')$ bisector if $P$ and $P'$ lie on $\omega$ and bisect its perimeter. Let $(P, P')$ and $(Q,Q')$ be bisector pairs. Tangents at points $P, P', Q$, and $Q'$ to $\omega$ construct a convex quadrilateral $XYZT$. If the quadrilateral $XYZT$ is inscribed in a circle, find the angle between lines $PP'$ and $QQ'$. [img]https://cdn.artofproblemsolving.com/attachments/3/c/8216889594bbb504372d8cddfac73b9f56e74c.png[/img] [i]Proposed by Mahdi Etesamifard - Iran[/i]"
train-013729,105,"The perpendicular bisectors of the sides of triangle $DEF$ meet its circumcircle at points $D',$ $E',$ and $F',$ as shown. If the perimeter of triangle $DEF$ is 42 and the radius of the circumcircle is 10, then find the area of hexagon $DE'F'D'E'F'$."
train-013733,21,"20. [10] For how many ordered triples $(a, b, c)$ of positive integers are the equations $a b c+9=a b+b c+c a$ and $a+b+c=10$ satisfied?"
train-013763,26,"Let \[ p(x,y) = \begin{cases} x + y & \quad \text{if } x \geq 0 \text{ and } y \geq 0, \\ x - 3y & \quad \text{if } x 0, \\ x + 4y & \quad \text{otherwise}. \end{cases} \] What is $p(p(2,-3),p(-3,-4))$?"
train-013773,204,A small square grows according to the pattern shown in the figure. The perimeter of the 100th figure is $\qquad$
train-013819,24,"Nine distinct positive integers summing to $74$ are put into a $3 \times 3$ grid. Simultaneously, the number in each cell is replaced with the sum of the numbers in its adjacent cells. (Two cells are adjacent if they share an edge.) After this, exactly four of the numbers in the grid are $23$. Determine, with proof, all possible numbers that could have been originally in the center of the grid."
train-013889,6,"In a similar study, the graph below shows the number of goals scored in May for the top scorers in a football league. Calculate the mean (average) number of goals scored by these players. [asy] draw((18,0)--(0,0)--(0,18)); label(""5"",(3,-1)); label(""6"",(6,-1)); label(""7"",(9,-1)); label(""8"",(12,-1)); label(""9"",(15,-1)); fill((3,.5)..(3.5,1)..(3,1.5)..(2.5,1)..cycle); fill((3,2)..(3.5,2.5)..(3,3)..(2.5,2.5)..cycle); fill((3,3.5)..(3.5,4)..(3,4.5)..(2.5,4)..cycle); fill((3,5)..(3.5,5.5)..(3,6)..(2.5,5.5)..cycle); fill((6,.5)..(6.5,1)..(6,1.5)..(5.5,1)..cycle); fill((6,2)..(6.5,2.5)..(6,3)..(5.5,2.5)..cycle); fill((6,3.5)..(6.5,4)..(6,4.5)..(5.5,4)..cycle); fill((9,.5)..(9.5,1)..(9,1.5)..(8.5,1)..cycle); fill((9,2)..(9.5,2.5)..(9,3)..(8.5,2.5)..cycle); fill((12,.5)..(12.5,1)..(12,1.5)..(11.5,1)..cycle); label(""Number of Goals"",(9,-3)); picture perpLabel; label(perpLabel,""Number of Top Scorers""); add(rotate(90)*perpLabel,(-1,9)); [/asy]"
train-013941,8,"In the unit square, we placed points such that the distance between any two is greater than $1 / 2$. Provide an upper bound for the number of points. untranslated portion: 将上面的文本翻译成英文，请保留源文本的换行和格式，直接输出翻译结果。 Note: The untranslated portion seems to be instructions for the translation task itself and not part of the content to be translated. Here is the requested translation without the additional note: In the unit square, we placed points such that the distance between any two is greater than $1 / 2$. Provide an upper bound for the number of points."
train-013951,8,"Let $ x$ be a real number such that the five numbers $ \cos(2 \pi x)$, $ \cos(4 \pi x)$, $ \cos(8 \pi x)$, $ \cos(16 \pi x)$, and $ \cos(32 \pi x)$ are all nonpositive. What is the smallest possible positive value of $ x$?"
train-013959,134,"The members of a distinguished committee were choosing a president, and each member gave one vote to one of the 27 candidates. For each candidate, the exact percentage of votes the candidate got was smaller by at least 1 than the number of votes for that candidate. What was the smallest possible number of members of the committee?"
train-014001,5407,"a) In the figure below, two gears are meshed, one gear $A$ with 6 teeth and another gear $B$ with 8 teeth. All the teeth are the same size. If gear $A$ makes 12 revolutions, how many revolutions will gear $B$ make? ![](https://cdn.mathpix.com/cropped/2024_05_01_d1e5bbfbdffc7558a598g-04.jpg?height=433&width=589&top_left_y=1695&top_left_x=615) b) Consider 5 meshed gears. The first has 10 teeth and is meshed with a second gear with 20 teeth, which in turn is meshed with a third gear with 40 teeth, which is meshed with a fourth gear with 80 teeth, which is meshed with a fifth gear with 160 teeth. When the largest gear makes one revolution, what is the sum of the revolutions made by all the gears? c) Consider three gears $C, D$, and $E$, where gear $C$ is meshed with gear $D$ and gear $D$ is meshed with gear $E$. Each of them has a certain number of teeth, all of the same size. It is known that when gear $C$ made 160 revolutions, gear $D$ made 1007 revolutions, and gear $E$ made 38 revolutions. What is the smallest total number of teeth on the three gears combined for this to be possible?"
train-014008,43,"* Let $1990=2^{a_{1}}+2^{a}+\cdots+2^{\alpha}{ }_{n}^{n}$, where $\alpha_{1}, \alpha_{2}, \cdots, \alpha_{n}$ are distinct non-negative integers. Find $\alpha_{1}+\alpha_{2}+\cdots+a_{n}$."
train-014019,10,"5. Answer. ""In this phrase, $1 / 2$ of all digits are the digit 1, the shares of digits 2 and 5 are the same and equal to $1 / 5$, and the share of all other digits is $1 / 10$ "" (or "" ...the shares of digits 0 and 2 are the same..."" or "" ...the shares of digits 0 and 5 are the same..."")."
train-014045,2,"If $f(x)$ is defined for all integers $x \ge 0,$ $f(1) = 1,$ and \[f(a + b) = f(a) + f(b) - 2f(ab)\]for all integers $a,$ $b \ge X compute $f(1986).$ If we know the answer to the above question is 0, what is the value of unknown variable X?"
train-014048,85,"There is a row that consists of digits from $ 0$ to $ 9$ and Ukrainian letters (there are $ 33$ of them) with following properties: there aren’t two distinct digits or letters $ a_i$, $ a_j$ such that $ a_i > a_j$ and $ i a_j$ means that $ a_i$ has greater then $ a_j$ position in alphabet) and there aren’t two equal consecutive symbols or two equal symbols having exactly one symbol between them. Find the greatest possible number of symbols in such row."
train-014084,118,"Finding a number that, when added to 13600, forms a perfect square does not seem to be an easy task. Let's solve this geometrically. Consider a rectangle of area 13600 with one side equal to 136. Divide it into a square \( A \) and a rectangle \( B \). Cut the rectangle \( B \) into two equal rectangles, both denoted by \( C \). Position the rectangles \( C \) on two consecutive sides of the square \( A \). ![](https://cdn.mathpix.com/cropped/2024_05_01_20684006194a352111ccg-21.jpg?height=520&width=1290&top_left_y=682&top_left_x=478) (a) What is the area of the rectangle \( C \) ? (b) Notice that if we add the square \( X \), we complete a larger square. What must be the side length of the square \( X \) ? (c) After answering the two previous items, determine a number that, when added to 13600, results in a perfect square and determine the square root of that perfect square."
train-014116,931,"13. For a known sequence of distinct real numbers $r_{1}, r_{2}, r_{3}, \cdots, r_{\text {n}}$, a single operation involves comparing the second term with the first term, and swapping them if and only if the second term is smaller; then comparing the third term with the new second term, and swapping them if and only if the third term is smaller; and so on, until the last term is compared with its new preceding term, and they are swapped if and only if the last term is smaller. For example, the following diagram shows how the sequence 1, 9, 8, 7 is transformed into the sequence $1, 8, 7, 9$ through one operation. Each pair of numbers being compared is marked with a “-” below them. Clearly, any known sequence can be sorted into a non-decreasing sequence through one or more such operations. $$ \begin{array}{llll} 1 & 9 & 8 & 7 \\ \hline 1 & 9 & 8 & 7 \\ 1 & 8 & 5 & 6 \\ 1 & 8 & 7 & 9 \end{array} $$ Now assume $n=40$, and $r_{1}, r_{2}, \cdots, r_{40}$ are distinct and randomly arranged. Let $\frac{p}{q}$ (in lowest terms) represent the probability that a single operation will move the 20th term ($r_{20}$) to the 30th position (with 29 terms to its left and 10 terms to its right). Find $p+q$."
train-014195,1,XXI OM - II - Task 5 Given is the polynomial $ P(x) = \frac{1}{2} - \frac{1}{3}x + \frac{1}{6}x^2 $. Let $ Q(x) = \sum_{k=0}^{m} b_k x^k $ be a polynomial defined by the formula Calculate $ \sum_{k=0}^m |b_k| $.
train-014211,7,"7. (3 points) The figure below is a plane development of a pentagonal prism. The side lengths of all the squares in the figure are 2. According to the data shown in the figure, the volume of this pentagonal prism is $\qquad$ ."
train-014222,40,"Fred has 10.0 red balloons, Sam has 46.0 red balloons, then Dan destroyed 16.0 red balloons. The balloons have a certain cost. They have 40 red balloons in all. How much do the balloons cost in dollars?"
train-014224,19,"21. A sequence of integers $a_{0}, a_{1}, \cdots, a_{n}$ is called a 二次 sequence if for each $i \in\{1,2, \cdots, n\}$, the equation $$ \left|a_{i}-a_{i-1}\right|=i^{2} \text {. } $$ holds. (a) Prove that for any integers $b$ and $c$, there exists a natural number $n$ and a 二次 sequence such that $a_{0}=b, a_{n}=c$. A 二次 sequence, and in this sequence $a_{0}=0, a_{n}=1996$."
train-014238,15,"4. (8 points) In the following horizontal equation, the same Chinese characters represent the same digits, different Chinese characters represent different digits, and no Chinese character represents 7. ""迎"", ""春"", and ""杯"" are not equal to 1. Therefore, the sum of the three digits represented by ""迎"", ""春"", and ""杯"" is $\qquad$ Learn math $\times 7 \times$ Welcome $\times$ Spring $\times$ Cup $=$ Cheer up cheer up $\times$ Bar."
train-014276,21,"Sarah and Mike are both photography enthusiasts. Their respective collections share twelve of the same cameras. Sarah has twenty-four cameras in her collection. Nine cameras are in Mike's collection, but not Sarah's. How many cameras are in either Sarah's or Mike's collection, but not both?"
train-014283,4,There are 10 different books and 6 different movies in the ' crazy silly school ' series. If you read 14 of the movies and watched 19 of the books. How many more books than movies have you read?
train-014346,17,"In trapezoid $A B C D, A D$ is parallel to $B C$. Also, $A B=C D, B C=9, A D=21$, and the perimeter of $A B C D$ is 50 . What is the length of the diagonal $A C$ ? ![](https://cdn.mathpix.com/cropped/2024_04_17_d0cbae19e125c7a52478g-3.jpg?height=247&width=480&top_left_y=798&top_left_x=882)"
train-014382,25,The diagram below shows four congruent squares and some of their diagonals. Let $T$ be the number of triangles and $R$ be the number of rectangles that appear in the diagram. Find $T + R$. [img]https://cdn.artofproblemsolving.com/attachments/1/5/f756bbe67c09c19e811011cb6b18d0ff44be8b.png[/img]
train-014415,4,"5. (7 points) A square window opening is formed by three rectangular frames (see the figure below). Inside each of them, a number is written, equal to the perimeter of the frame. Write down what the side of the entire square window opening is and explain how you obtained it. ![](https://cdn.mathpix.com/cropped/2024_05_06_8591d9d48c7a4af5e645g-3.jpg?height=642&width=731&top_left_y=130&top_left_x=662)"
train-014423,21,"It is now 3:25:15 PM, as shown on a 12-hour digital clock. After adding 137 hours, 59 minutes, and 59 seconds to the current time, what is the sum of all digits shown on the clock at the new time?"
train-014425,8,what least no . must be subtracted from 427398 so that remaining no . is divisible by 10 ?
train-014484,52,3. There are two prime numbers $p$ so that $5 p$ can be expressed in the form $\left\lfloor\frac{n^{2}}{5}\right\rfloor$ for some positive integer $n$. What is the sum of these two prime numbers?
train-014533,2800,"To broaden students' horizons, a certain middle school organized a study tour for eighth-grade teachers and students. The original plan was to rent several $45$-seat buses, but $15$ people did not have seats. If the same number of $60$-seat buses were rented, three extra buses would be needed, and the remaining buses would be fully occupied. There are two types of buses, type A and type B, with their passenger capacities and rental fees shown in the table below: | | Type A Bus | Type B Bus | |------------|------------|------------| | Passenger Capacity (people/bus) | $45$ | $60$ | | Rental Fee (元/bus) | $200$ | $300$ | $(1)$ How many teachers and students participated in this study tour? How many $45$-seat buses were originally planned to be rented? $(2)$ If the same type of bus is rented to ensure that each teacher and student has a seat, how should the buses be rented to be cost-effective?"
train-014545,79,[1 Problem](https://artofproblemsolving.com#Problem) [2 Solutions](https://artofproblemsolving.com#Solutions) [2.1 Solution 1](https://artofproblemsolving.com#Solution_1) [2.2 Solution 2](https://artofproblemsolving.com#Solution_2) [2.3 Solution 3](https://artofproblemsolving.com#Solution_3) [2.4 Solution 4](https://artofproblemsolving.com#Solution_4) [2.5 Solution 5](https://artofproblemsolving.com#Solution_5) [2.6 Solution 6](https://artofproblemsolving.com#Solution_6) [2.7 Solution 7](https://artofproblemsolving.com#Solution_7) [2.8 Solution 8 Recursion Formula](https://artofproblemsolving.com#Solution_8_Recursion_Formula) [2.9 Solution 9: Observation of each case](https://artofproblemsolving.com#Solution_9:_Observation_of_each_case) [2.10 Solution 10: Distributions](https://artofproblemsolving.com#Solution_10:_Distributions) [2.11 Solution 11: Stars and Bars](https://artofproblemsolving.com#Solution_11:_Stars_and_Bars) [2.12 Solution 12](https://artofproblemsolving.com#Solution_12) [3 See also](https://artofproblemsolving.com#See_also)
train-014558,15,"3. In a certain city, a connected network for spreading rumors has been built (rumors from any male gossiper and any female gossiper can reach all others). In this network, each male gossiper exchanges information with two female gossipers, and each female gossiper exchanges information with three male gossipers. Assume that in the mentioned network, there exists a male and a female such that the network would no longer be connected if either of these two individuals were to die. Find the smallest possible number of members in this network. The written part of the school round in category B takes place on Thursday, January 26, 2012 so that it starts in the morning and the contestants have 4 hours of pure time to solve the problems. For each problem, a contestant can earn 6 points, and a successful solver is a student who earns 10 points or more. Allowed aids are writing and drawing materials and school MF tables. Calculators, laptops, and any other electronic aids are not allowed. These details will be communicated to the students before the start of the competition. ## 61st Mathematical Olympiad ## Solutions to the problems of the written part of the school round in category $B$"
train-014566,65,"9. (10 points) As shown in the figure, the area of trapezoid $ABCD$ is 117 square centimeters, $AD \parallel BC$, $EF=13$ centimeters, $MN$ $=4$ centimeters, and it is also known that $EF \perp MN$ at $O$. Therefore, the total area of the shaded parts is $\qquad$ square centimeters."
train-014572,54945,"29. A palindrome is a positive integer that reads the same backwards as forwards, such as 82328. What is the smallest 5 -digit palindrome that is a multiple of 99 ?"
train-014581,19380,Compute $\binom{20}{6}$.
train-014617,2,"Find all positive integers $n \geqslant 2$ for which there exist $n$ real numbers $a_10$ such that the $\tfrac{1}{2}n(n-1)$ differences $a_j-a_i$ for $1 \leqslant i<j \leqslant n$ are equal, in some order, to the numbers $r^1,r^2,\ldots,r^{\frac{1}{2}n(n-1)}$."
train-014626,865,? x 48 = 173 x 240
train-014643,2013,2.b) $\frac{\sqrt{x}-\sqrt{1006}}{x-1006}+\frac{\sqrt{2012-x}-\sqrt{1006}}{1006-x}=\frac{2(\sqrt{x}-\sqrt{2012-x})}{x-2012+x}$ $\frac{\sqrt{x}-\sqrt{1006}-\sqrt{2012-x}+\sqrt{1006}}{x-1006}=\frac{2(\sqrt{x}-\sqrt{2012-x})}{2(x-1006)}$ $\left.\begin{array}{l}x \geq 0 \\ 2012-x \geq 0 \Rightarrow x \leq 2012\end{array}\right\} \Rightarrow 0 \leq x \leq 2012$ if $x \in \mathbb{Z} \Rightarrow$ $\Rightarrow$ the equation has 2013 integer solutions. $1 \mathrm{p}$
train-014647,40401,"Kermit the frog enjoys hopping around the inﬁnite square grid in his backyard. It takes him $ 1$ Joule of energy to hop one step north or one step south, and $ 1$ Joule of energy to hop one step east or one step west. He wakes up one morning on the grid with $ 100$ Joules of energy, and hops till he falls asleep with $ 0$ energy. How many different places could he have gone to sleep?"
train-014671,150,"5. (12 points) As shown in the figure, in a $7 \times 7$ grid, each cell is filled with a number such that cells with the same number are connected (two connected cells must share a common edge). Now, two each of the numbers 1, 2, 3, 4, and 5 are already given. Therefore, the sum of all the numbers in the grid is $\qquad$ \begin{tabular}{|l|l|l|l|l|l|l|} \hline 1 & & & & & & 2 \\ \hline 5 & 3 & & & 3 & 4 & \\ \hline & & & 2 & & & \\ \hline & & & & & & \\ \hline & & & & 1 & & \\ \hline & & 5 & & & & \\ \hline 4 & & & & & \\ \hline \end{tabular}"
train-014739,111,"Squares $ABCD$ and $AEFG$ each with side length $12$ overlap so that $\vartriangle AED$ is an equilateral triangle as shown. The area of the region that is in the interior of both squares which is shaded in the diagram is $m\sqrt{n}$, where $m$ and $n$ are positive integers, and $n$ is not divisible by the square of any prime. Find $m + n$. [img]https://cdn.artofproblemsolving.com/attachments/c/2/a2f8d2a090a6342610c43b3fed8a87fa5d7f03.png[/img]"
train-014769,235298,"\section*{Exercise 2 - \(330912=331012\)} Is there a six-digit natural number that has exactly fourteen different natural numbers as divisors, including the number 14?"
train-014776,427,"2. Find the smallest three-digit number that, when divided by $3, 4, 5, 6$ or 7, gives a remainder of 7."
train-014782,12,"1. As shown in Figure $14-12, \angle M O N=20^{\circ}, A$ is a point on $O M$, $O A=4 \sqrt{3}, D$ is a point on $O N$, $O D=8 \sqrt{3}, C$ is any point on $A M$, $B$ is any point on $O D$, then the length of the broken line $A B C D$ is $A B + B C + C D \geqslant 12$."
train-014806,58,"We will find the angles of a right-angled triangle with a precision of one degree by trial and error using a ruler and protractor. (We will write down: how we approached it, what we kept constant, why, and what we changed until we got a result.) We will also find the isosceles triangle with the same property. The perimeter of the right-angled triangle is twice the circumference of the inscribed circle. (We will write down: how we approached it, what we kept constant, why, and what we changed until we got a result.) We will also find the isosceles triangle with the same property."
train-014815,14,"There are x loads of laundry that need to be washed. Each load of laundry takes around 45 minutes to complete in the wash cycle and 1 hour in the dry cycle. How long, in hours, It will take 14 to complete the entire set of laundry. What is the value of unknown variable x? What is the value of unknown variable x?"
train-014828,1,"After moving the point representing $-2$ on the number line $3$ units to the right, the corresponding number of the resulting point is ______."
train-014854,2024,"7. Find the largest integer which cannot be expressed as sum of some of the numbers $135,136,137, \ldots, 144$ (each number may occur many times in the sum or not at all). (1 mark) 某整數不能寫成 135、136、‥144 當中的某些數之和（在和式中每個數出現的次數不限, 亦可以不出現）。求該整數的最大可能值。"
train-014902,72,"Rishabh has $2024$ pairs of socks in a drawer. He draws socks from the drawer uniformly at random, without replacement, until he has drawn a pair of identical socks. Compute the expected number of unpaired socks he has drawn when he stops."
train-014912,4,"In the figure, AQPB and ASRC are squares, and AQS is an equilateral triangle. If QS = 4 and BC = x, what is the value of x? [asy] unitsize(16); pair A,B,C,P,Q,R,T; A=(3.4641016151377544, 2); B=(0, 0); C=(6.928203230275509, 0); P=(-1.9999999999999991, 3.464101615137755); Q=(1.4641016151377544, 5.464101615137754); R=(8.928203230275509, 3.4641016151377544); T=(5.464101615137754, 5.464101615137754); dot(A);dot(B);dot(C);dot(P); dot(Q);dot(R);dot(T); label(""$A$"", (3.4641016151377544, 2),E); label(""$B$"", (0, 0),S); label(""$C$"", (6.928203230275509, 0),S); label(""$P$"", (-1.9999999999999991, 3.464101615137755), W); label(""$Q$"", (1.4641016151377544, 5.464101615137754),N); label(""$R$"", (8.928203230275509, 3.4641016151377544),E); label(""$S$"", (5.464101615137754, 5.464101615137754),N); draw(B--C--A--B); draw(B--P--Q--A--B); draw(A--C--R--T--A); draw(Q--T--A--Q); label(""$x$"", (3.4641016151377544, 0), S); label(""$4$"", (Q+T)/2, N);[/asy]"
train-014933,16,"## PROBLEM 32. ELEGANTLY DESTROYED CHESSBOARD If all the black squares are removed from a standard $8 \times 8$ chessboard, the board loses the ability to place even a single domino tile of size $2 \times 1$. However, this ability is restored by returning at least one black square. A board reduced in this manner will be called ""elegantly destroyed."" For such destruction, it is not necessary to remove all black (or all white) squares. It is entirely possible to remove a mixture of black and white squares. Thirty-two domino tiles clearly cover the chessboard (Fig. 39), so if at least one square in each of the 32 pairs of squares is not removed, at least one domino tile can be placed on the remaining board. Therefore, a board, ![](https://cdn.mathpix.com/cropped/2024_05_21_2f4fa61a46fbb276c744g-55.jpg?height=919&width=1188&top_left_y=240&top_left_x=340) Fig. 37 ![](https://cdn.mathpix.com/cropped/2024_05_21_2f4fa61a46fbb276c744g-55.jpg?height=879&width=993&top_left_y=1371&top_left_x=543) Fig. 38 destroyed in the required manner, must have at least 32 squares removed. On the other hand, it turns out that more than 32 squares can be removed and still result in an elegantly destroyed board. Of course, numerous reductions will damage the board. The trick is to arrange them so that the return of any removed square allows at least one domino tile to be placed on the resulting board. From the perspective of this rather strict constraint, the maximum number of squares that can be removed is quite large. Find this maximum."
train-014964,57,"12. (5 points) As shown in the figure, the front of each of the three cards has a number, and their backs are written with prime numbers $m, n, p$. If the sum of the numbers on both sides of each card is equal, then the minimum value of $m+n+p$ is $\qquad$ ."
train-015064,15975485,"9. (10 points) In a square with a side length of 300 cm, two right-angled sectors and a semicircle are placed as shown in the figure. The area difference between the two shaded regions is $\qquad$ square centimeters, and the perimeter difference between the two shaded regions is $\qquad$ centimeters. ( $\pi$ is taken as 3.14)"
train-015076,99,"Products and factorials ![](https://cdn.mathpix.com/cropped/2024_05_06_88363d92b48074f4f115g-32.jpg?height=49&width=478&top_left_y=233&top_left_x=1) Grisha wrote 100 numbers on the board. Then he increased each number by 1 and noticed that the product of all 100 numbers did not change. He increased each number by 1 again, and the product of all numbers did not change again, and so on. In total, Grisha repeated this procedure $k$ times, and the product of the numbers did not change all $k$ times. Find the largest possible value of $k$. #"
train-015090,11,"3. $H O W, B O W$, and $D A H$ are equilateral triangles in a plane such that $W O=7$ and $A H=2$. Given that $D, A, B$ are collinear in that order, find the length of $B A$."
train-015093,60,10. Several small cubes with an edge length of $1 \mathrm{~cm}$ are stacked to form the solid shown in the figure. The surface area of this solid (including the bottom face area) is $\qquad$ $\mathrm{cm}^{2}$.
train-015166,1,"4. Two adjacent faces of a tetrahedron, which are isosceles right triangles with a hypotenuse of 2, form a dihedral angle of 60 degrees. The tetrahedron is rotated around the common edge of these faces. Find the maximum area of the projection of the rotating tetrahedron onto the plane containing ![](https://cdn.mathpix.com/cropped/2024_05_06_d8aa2092968c512357f8g-31.jpg?height=243&width=396&top_left_y=724&top_left_x=1481) the given edge. (12 points) Solution. Let the area of each of the given faces be \( S \). If the face lies in the plane of projection, then the projection of the tetrahedron is equal to the area of this face \( \Pi = S \). When rotated by an angle \( 0 < \varphi < 30^\circ \), the area of the projection is \( \Pi = S \cos \varphi < S \). ![](https://cdn.mathpix.com/cropped/2024_05_06_d8aa2092968c512357f8g-31.jpg?height=263&width=394&top_left_y=1128&top_left_x=1482) When rotated by an angle \( 30^\circ < \varphi < 90^\circ \), the area of the projection is \[ \Pi = S \cos \varphi + S \cos \psi = S \cos \varphi + S \cos \left(\pi - \frac{\pi}{3} - \varphi\right) = S \cos \varphi + S \cos \left(\frac{2\pi}{3} - \varphi\right). \] \[ \Pi' = S \left(-\sin \varphi + \sin \left(\frac{2\pi}{3} - \varphi\right)\right), \quad \Pi' = 0 \text{ when } \varphi = \frac{\pi}{3}. \] The maximum of the function in the considered interval is achieved at ![](https://cdn.mathpix.com/cropped/2024_05_06_d8aa2092968c512357f8g-31.jpg?height=165&width=371&top_left_y=1702&top_left_x=1508) \[ \varphi = \frac{\pi}{3}, \quad \Pi = 2 S \cos \left(\frac{\pi}{3}\right) = 2 S \cdot \frac{1}{2} = S. \] When rotated by an angle \( 90^\circ < \varphi < 120^\circ \), the area of the projection is \( \Pi = S \cos \left(\frac{\pi}{2} - \varphi\right) = S \sin \varphi < S \). When \( \varphi = \frac{2\pi}{3} \), the area \( \Pi = S \)."
train-015188,34220,Compute $\binom{60}{3}$.
train-015190,107,Problem 9.5. Sides $A D$ and $D C$ of the inscribed quadrilateral $A B C D$ are equal. A point $X$ is marked on side $B C$ such that $A B = B X$. It is known that $\angle B = 34^{\circ}$ and $\angle X D C = 52^{\circ}$. (a) (1 point) How many degrees does the angle $A X C$ measure? (b) (3 points) How many degrees does the angle $A C B$ measure? ![](https://cdn.mathpix.com/cropped/2024_05_06_1f4981519479532effc1g-04.jpg?height=319&width=713&top_left_y=301&top_left_x=366)
train-015197,103,"30. A discount store sells a camera at a price less than its usual retail price of $99. If they sell $8137 worth of this camera and the discounted dollar price is an integer, how many cameras did they sell?"
train-015198,6,"4. (3 points) Given that $A, B, C, D$ and $A+C, B+C, B+D, D+A$ represent the eight natural numbers from 1 to 8, and are all distinct. If $A$ is the largest of the four numbers $A, B, C, D$, then $A$ is $\qquad$ 将上面的文本翻译成英文，请保留源文本的换行和格式，直接输出翻译结果。"
train-015239,6,"If the length of the upper side is 6 centimeters (cm) shorter than the length of the lower side and the area of the trapezoid is 8 centimeters (cm) and the area is 72 cm (cm2), find the length of the upper side of the trapezoid."
train-015250,456,"Escape 120 $1 \times 1$ of these squares, prove that in this rectangle, there must still be room for... a circle with a diameter of 1."
train-015255,1344,36. $[\mathbf{2 5}]$ Determine the value of $T_{2}$.
train-015287,20,[ Counting in two ways ] [ Examples and counterexamples. Constructions] #
train-015306,906,{ ( 481 + 426 ) some number - 4 x 481 x 426 } = 3025. What is the value of the some number?
train-015324,7,"What is the smallest integer k for which 64 ^ k > some base ^ 20, if k = 7? What is the base?"
train-015427,6,George has 2 boxes of blocks. Each box holds a certain number of blocks and there are 5 boxes in a case. George has 12 blocks. How many blocks does each box hold?
train-015446,3,"[u]Bases[/u] Many of you may be familiar with the decimal (or base $10$) system. For example, when we say $2013_{10}$, we really mean $2\cdot 10^3+0\cdot 10^2+1\cdot 10^1+3\cdot 10^0$. Similarly, there is the binary (base $2$) system. For example, $11111011101_2 = 1 \cdot 2^{10}+1 \cdot 2^9+1 \cdot 2^8+1 \cdot 2^7+1 \cdot 2^6+0 \cdot 2^5+1 \cdot 2^4+1 \cdot 2^3+1 \cdot 2^2+0 \cdot 2^1+1 \cdot 2^0 = 2013_{10}.$ In general, if we are given a string $(a_na_{n-1} ... a_0)_b$ in base $b$ (the subscript $b$ means that we are in base $b$), then it is equal to $\sum^n_{i=0} a_ib^i$. It turns out that for every positive integer $b > 1$, every positive integer $k$ has a unique base $b$ representation. That is, for every positive integer $k$, there exists a unique $n$ and digits $0 \le a_0,..., a_n < b$ such that $(a_na_{n-1} ... a_0)_b = k$. We can adapt this to bases $b < -1$. It actually turns out that if $b < -1$, every nonzero integer has a unique base b representation. That is, for every nonzero integer $k$, there exists a unique $n$ and digits $0 \le a_0,..., a_n < |b|$ such that $(a_na_{n-1} ... a_0)_b = k$. The next five problems involve base $-4$. Note: Unless otherwise stated, express your answers in base $10$. [b]p6.[/b] Evaluate $1201201_{-4}$. [b]p7.[/b] Express $-2013$ in base $-4$. [b]p8.[/b] Let $b(n)$ be the number of digits in the base $-4$ representation of $n$. Evaluate $\sum^{2013}_{i=1} b(i)$. [b]p9.[/b] Let $N$ be the largest positive integer that can be expressed as a $2013$-digit base $-4$ number. What is the remainder when $N$ is divided by $210$? [b]p10.[/b] Find the sum of all positive integers $n$ such that there exists an integer $b$ with $|b| \ne 4$ such that the base $-4$ representation of $n$ is the same as the base $b$ representation of $n$."
train-015497,77,What is the sum of the prime factors of $2010$? $\textbf{(A)}\ 67\qquad\textbf{(B)}\ 75\qquad\textbf{(C)}\ 77\qquad\textbf{(D)}\ 201\qquad\textbf{(E)}\ 210$
train-015538,20,"Example 1 As shown in Figure 1, 16 points are evenly distributed on: a piece of paper, using these 16 points as vertices, one can form $\qquad$ squares,"
train-015553,61,"In the figure below, how many ways are there to select 5 bricks, one in each row, such that any two bricks in adjacent rows are adjacent?"
train-015572,2551,"4. In the Cartesian coordinate plane, the number of integer points (i.e., points with both coordinates as integers) that satisfy the system of inequalities $$ \left\{\begin{array}{l} y \leqslant 3 x \\ y \geqslant \frac{1}{3} x \\ x+y \leqslant 100 \end{array}\right. $$ is $\qquad$ . (as shown in the figure)"
train-015604,10,"Mary is baking a cake. The recipe calls for some cups of flour, 2 cups of sugar, and 80 cups of salt. She already put in 7 cups of flour. She needs to add 1 more cup of flour than cups of sugar now. How many cups of flour does the recipe call for?"
train-015638,129,"Example 6 Find $(27090,21672,11352,8127)$."
train-015639,8,"Which number will be labeled as 'n' in the Number Wall, where you add the numbers next to each other and write the sum in the block directly above the two numbers?"
train-015723,49,"Zuzka had five squared cubes with edge lengths from 1 to 5 squares: ![](https://cdn.mathpix.com/cropped/2024_04_17_cbd86f0d05e49142d45cg-3.jpg?height=334&width=1356&top_left_y=436&top_left_x=356) From all these cubes, she built a tower, placing smaller cubes on larger ones, always with one whole side. Then Zuzka painted the entire tower except for the base side. She had paint in cups, each of which was enough to paint an area corresponding to exactly 5 squares. How many cups of paint did Zuzka need to paint the tower? (E. Novotná)"
train-015727,15,"Find the number of rectangles that can be formed inside a fixed regular dodecagon ($12$-gon) where each side of the rectangle lies on either a side or a diagonal of the dodecagon. The diagram below shows three of those rectangles. [asy] unitsize(40); real r = pi/6; pair A1 = (cos(r),sin(r)); pair A2 = (cos(2r),sin(2r)); pair A3 = (cos(3r),sin(3r)); pair A4 = (cos(4r),sin(4r)); pair A5 = (cos(5r),sin(5r)); pair A6 = (cos(6r),sin(6r)); pair A7 = (cos(7r),sin(7r)); pair A8 = (cos(8r),sin(8r)); pair A9 = (cos(9r),sin(9r)); pair A10 = (cos(10r),sin(10r)); pair A11 = (cos(11r),sin(11r)); pair A12 = (cos(12r),sin(12r)); draw(A1--A2--A3--A4--A5--A6--A7--A8--A9--A10--A11--A12--cycle); filldraw(A2--A1--A8--A7--cycle, mediumgray, linewidth(1.2)); draw(A4--A11); draw(0.365*A3--0.365*A12, linewidth(1.2)); dot(A1); dot(A2); dot(A3); dot(A4); dot(A5); dot(A6); dot(A7); dot(A8); dot(A9); dot(A10); dot(A11); dot(A12); [/asy]"
train-015741,0,"6. In a classroom, 34 students are seated in 5 rows of 7 chairs. The place at the center of the room is unoccupied. A teacher decides to reassign the seats such that each student will occupy a chair adjacent to his/her present one (i.e. move one desk forward, back, left or right). In how many ways can this reassignment be made?"
train-015755,7,"37. Call a positive integer ""mild"" if its base-3 representation never contains the digit 2 . How many values of $n(1 \leq n \leq 1000)$ have the property that $n$ and $n^{2}$ are both mild?"
train-015839,39,"Let $p(x)$ be a monic polynomial of degree 6 such that $p(1) = 1,$ $p(2) = 2,$ $p(3) = X $p(4) = 4,$ $p(5) = 5,$ and $p(6) = 6.$ Find $p(7). 727. What is the value of unknown variable X?"
train-015894,4,"25. 用红白蓝三色对一个正五边形的顶点进行着色, 求使得两顶点为红色, 两顶点为白色,一顶点为蓝色的不等价的着色数."
train-015897,12,"Problem 5.7. Vasya wants to place the numbers from 1 to 6 (each one only once) in the squares such that the following condition is met: if two squares are connected, the number in the higher square is greater. How many ways are there to do this? ![](https://cdn.mathpix.com/cropped/2024_05_06_899cf5197845501d962eg-12.jpg?height=357&width=418&top_left_y=548&top_left_x=518)"
train-015918,2,"B4. Evaluate the expressions $A = \sqrt{3}{\sqrt{9 + \sqrt{17}}\cdot\sqrt{9 - \sqrt{17}}}$ and $B = \sqrt{\sqrt{3}{11 - \sqrt{57}}\cdot\sqrt{3}{11 + \sqrt{57}}}$. Without using a pocket calculator, prove that the values of expressions A and B are equal to integers. ## PROBLEMS FOR THE THIRD YEAR Before you are two sets of problems. Problems 1 to 6 of the first set are solved by selecting the correct answer from the five proposed answers and writing it in the table under the corresponding number. Only one answer is correct. A correct answer will be scored with two points, while a wrong answer will result in the deduction of one point. Problems 1 to 4 of the second set are solved on the provided paper. The solution to each of these problems will be evaluated on a scale from 0 to 6 points. On the sheets where you will solve the problems, do not sign, write only your code. Write your solution clearly and legibly with a pen. The time for solving is 90 minutes. THE NATIONAL COMPETITION COMMITTEE WISHES YOU GREAT SUCCESS. ![](https://cdn.mathpix.com/cropped/2024_06_07_bce9c6e2a6f4f88bb0deg-06.jpg?height=171&width=485&top_left_y=991&top_left_x=800) ## PART I"
train-015969,4,"23. Twilight Sparkle wants to send a greeting card to Rainbow Dash. As shown in the figure, there are 10 areas on the card to be colored, with each area to be painted in one color, and adjacent areas must be of different colors. Therefore, at least $\qquad$ different colors are needed to color this card."
train-015998,9,"SI. 1 In the given diagram, the sum of the three marked angles is $a^{\circ}$. Find $a$. SI. 2 The sum of the interior angles of a regular $b$-sided polygon is $a^{\circ}$. Find $b$. SI. 3 If $8^{b}=c^{21}$, find $c$. SI. 4 If $c=\log _{d} 81$, find $d$."
train-016031,27,"Rectangle $ABCD$ is inscribed in triangle $PQR$ such that side $AD$ of the rectangle lies along side $QR$ of the triangle, as shown. The triangle's altitude from $P$ to side $QR$ is 10 inches, and $QR = 12 \text{ inches}$. The length of segment $AB$ is one third of the length of segment $AD$. What is the area of rectangle $ABCD$?"
train-016103,8,"3. When moving along a circular road, the inner wheels travel a shorter distance than the outer wheels. The difference in the lengths of these circumferences is equal to $2 \pi$ multiplied by the difference in radii. The difference in radii, in turn, is equal to the width of the car $d$. Therefore, $\Delta L=2 \pi d$. The number of wheel revolutions is equal to the distance traveled divided by the circumference of the wheel, so $\Delta N=$ $\Delta L /(2 \pi r)$, where $r$ is the radius of the wheel. Finally, $\Delta N=(2 \pi d) /(2 \pi r)=d / r=$ 8 revolutions. On a railway, the wheels are rigidly connected. Therefore, the wheels of railway cars are not cylindrical but conical: narrow on the outside and wider on the inside. When turning, the wheelset slightly tilts so that the inner wheel drops and the outer wheel rises. As a result, the radius of the inner wheel is slightly less than that of the outer wheel. This allows the outer wheel to travel a greater distance. Indeed, with a turning radius of 800 meters (which is standard on Russian railways), the difference in the distance traveled by the outer and inner wheels is approximately $0.2 \%$. Therefore, for the number of wheel revolutions to match, one wheel needs to be raised above the other by $0.2 \%$ of the wheel radius, i.e., less than 1 mm. There is a video on youtube.com where Nobel Prize in Physics laureate Richard Feynman explains this in detail."
train-016175,2,"【Question 12】 This is a game played by two people. The two players take turns moving chips on a $20 \times 1$ rectangular strip. In each round, any one of the four chips can be moved any number of squares to the right. However, it cannot be placed on top of another chip or beyond another chip. Initially, the chips are positioned as shown in the figure. The winner is the last player to move a chip (after his move, the four chips exactly occupy the four rightmost squares of the strip, making it impossible to move any further). The first player should move $\qquad$ to the right by $\qquad$ squares to ensure a win."
train-016177,197,"Suppose that $(a_1, b_1), (a_2, b_2), \ldots , (a_{100}, b_{100})$ are distinct ordered pairs of nonnegative integers. Let $N$ denote the number of pairs of integers $(i, j)$ satisfying $1 \le i < j \le 100$ and $|a_ib_j - a_j b_i|=1$. Determine the largest possible value of $N$ over all possible choices of the $100$ ordered pairs."
train-016230,480,hree number are in the ratio of 3 : 4 : 5 and their l . c . m . is 2400 . their h . c . f . is :
train-016258,100110,Convert 38 into binary.
train-016280,2003,"$\begin{aligned} & {\left[\begin{array}{l}\text { Rebus } \\ {[\text { Ordinary fractions }}\end{array}\right]}\end{aligned}$ Authors: Yashchenko I.V., Golenyshcheva-Kumysova T.I. Insert parentheses and arithmetic operation signs so that the equation is true: $\begin{array}{lll}\frac{1}{2} & \frac{1}{6} & \frac{1}{6009}\end{array}=2003$"
train-016296,3,"If you round down 9A7 to the tens place, you get 930. Find the value of A."
train-016317,2,"Let $n$ be a positive integer, $n \geq 2$, and consider the polynomial equation \[x^n - x^{n-2} - x + 2 = 0.\] For each $n,$ determine all complex numbers $x$ that satisfy the equation and have modulus $|x| = 1.$"
train-016348,26,2. How many bricks are missing from the wall shown in the picture? ![](https://cdn.mathpix.com/cropped/2024_05_06_dbc0b99485dccda80216g-1.jpg?height=434&width=637&top_left_y=1302&top_left_x=207)
train-016359,982982,"40. [5] A product of five primes is of the form $A B C, A B C$, where $A, B$, and $C$ represent digits. If one of the primes is 491 , find the product $A B C, A B C$."
train-016383,4,"XXII OM - I - Problem 6 Let $ f(x,y,z) = \max(x^2 - yz, y^2 - xz, z^2 - xy) $. Find the set of values of the function $ f(x,y,z) $ considered for numbers $ x,y,z $ satisfying the conditions: Note: $ \max (a, b, c) $ is the greatest of the numbers $ a, b, c $."
train-016420,663,"If \[1 \cdot 1987 + X \cdot 1986 + 3 \cdot 1985 + \dots + 1986 \cdot 2 + 1987 \cdot 1 = 1987 \cdot 994 \cdot x,\]compute the integer $x. 663. What is the value of unknown variable X?"
train-016456,2004,"5. If $k$ is a positive integer, and $2^{k}$ divides then the maximum value of $k$ is $\qquad$."
train-016479,5,"A box in the shape of a cuboid has a volume of 315 square centimeters (cm2). If the width of this box is 9 centimeters (cm) and the vertical length is 7 centimeters (cm), what is the height of the box in centimeters (cm)?"
train-016495,0,Find the remainder when $x^{2015} + X is divided by $x^8 - x^6 + x^4 - x^2 + 1. 1. What is the value of unknown variable X?
train-016523,1,"Given that $x^{4m-1}-8y^{3n-2m}=5$ is a linear equation in two variables, $x$ and $y$, calculate the value of $3mn$."
train-016525,8,"Four coplanar circles intersect as shown in the diagram. What is the maximum number of points on the circles that a line passing through all four circles can touch? [asy]import graph; draw(Circle((-15,15),20)); draw(Circle((15,15),20)); draw(Circle((-15,-15),20)); draw(Circle((15,-15),20)); [/asy]"
train-016526,20,"6. A class arranges for some students to participate in activities over a week (6 days), with several people arranged each day. However, among any three days, there must be at least one student who participates in all three days. Among any four days, there should not be a student who participates in all four days. How many students are needed at minimum, and provide a specific arrangement plan for the activities according to the conditions. 将上面的文本翻译成英文，请保留源文本的换行和格式，直接输出翻译结果。"
train-016539,6098,"There is a heads up coin on every integer of the number line. Lucky is initially standing on the zero point of the number line facing in the positive direction. Lucky performs the following procedure: he looks at the coin (or lack thereof) underneath him, and then, - If the coin is heads up, Lucky flips it to tails up, turns around, and steps forward a distance of one unit. - If the coin is tails up, Lucky picks up the coin and steps forward a distance of one unit facing the same direction. - If there is no coin, Lucky places a coin heads up underneath him and steps forward a distance of one unit facing the same direction. He repeats this procedure until there are 20 coins anywhere that are tails up. How many times has Lucky performed the procedure when the process stops?"
train-016556,11,"9. Wangwang has 5 learning coins. After Xixi gives Wangwang 3 learning coins, both of them have the same number of learning coins. Xixi originally had $\qquad$ learning coins. 将上面的文本翻译成英文，请保留源文本的换行和格式，直接输出翻译结果。"
train-016624,120,4-1. Katya attached a square with a perimeter of 40 cm to a square with a perimeter of 100 cm as shown in the figure. What is the perimeter of the resulting figure in centimeters? ![](https://cdn.mathpix.com/cropped/2024_05_06_d9f67fd4a24dc8d44db8g-01.jpg?height=281&width=374&top_left_y=676&top_left_x=844)
train-016635,24,"8. In the figure below, there are $\qquad$ rectangles (including squares)."
train-016692,-960,"Given that $a=\int_{0}^{\pi }(\sin x+\cos x)dx$, find the coefficient of the $x^2$ term in the expansion of $\left(a\sqrt{x}-\frac{1}{\sqrt{x}}\right)^6$."
train-016714,100,"16. (5 points) The Reuleaux triangle is a famous shape. By using the vertices of an equilateral triangle as the centers and its side length as the radius to draw three circular arcs, a Reuleaux triangle can be formed. In the figure below, the perimeter of the Reuleaux triangle is $314 \mathrm{~cm}$, then the side length of the central equilateral triangle is $\qquad$ $\mathrm{cm}$. ( $\pi$ is taken as 3.14)"
train-016738,864,"Example 1. Three $12 \mathrm{~cm} \times 12 \mathrm{~cm}$ squares are each divided into two pieces $A, B$ by a line connecting the midpoints of adjacent sides (as shown in Figure 1), and the six pieces are glued to the outside of a regular hexagon (as shown in Figure 2), then folded into a polyhedron. Find the volume of this polyhedron $\left(\right.$ in units of $\mathrm{cm}^{3}$ ). (Third American Mathematical Invitational)"
train-016759,35,"Problem 10.6. In a convex quadrilateral $A B C D$, the midpoint of side $A D$ is marked as point $M$. Segments $B M$ and $A C$ intersect at point $O$. It is known that $\angle A B M=55^{\circ}, \angle A M B=$ $70^{\circ}, \angle B O C=80^{\circ}, \angle A D C=60^{\circ}$. How many degrees does the angle $B C A$ measure? ![](https://cdn.mathpix.com/cropped/2024_05_06_22fa77b82e311267ee30g-39.jpg?height=371&width=709&top_left_y=89&top_left_x=372)"
train-016763,31,69. The area of the pentagon shown in the figure is The area of the pentagon shown in the figure is
train-016781,1500,find the sum the difference between the compound and s . i . on a certain sum of money for 2 years at 10 % per annum is rs . 15 of money ?
train-016799,50,"11. Peppa and her brother George are happily jumping up and down in a mud puddle. If the two of them jumped a total of 112 times, how many times did George jump? $\qquad$ 保留源文本的换行和格式，直接输出翻译结果。"
train-016804,90625,| | Restore the multiplication example ![](https://cdn.mathpix.com/cropped/2024_05_06_dc53e83c4670b2e19022g-04.jpg?height=481&width=738&top_left_y=1889&top_left_x=660) #
train-016830,145,"Problem 6.7. Anya places pebbles on the sand. First, she placed one stone, then added pebbles to form a pentagon, then made a larger outer pentagon with pebbles, then another outer pentagon, and so on, as shown in the picture. The number of stones she had arranged on the first four pictures: 1, 5, 12, and 22. If she continues to form such pictures, how many stones will be on the 10th picture? - ![](https://cdn.mathpix.com/cropped/2024_05_06_df4c0436ab68970fab15g-17.jpg?height=113&width=104&top_left_y=818&top_left_x=382) ![](https://cdn.mathpix.com/cropped/2024_05_06_df4c0436ab68970fab15g-17.jpg?height=187&width=186&top_left_y=823&top_left_x=527) ![](https://cdn.mathpix.com/cropped/2024_05_06_df4c0436ab68970fab15g-17.jpg?height=266&width=277&top_left_y=820&top_left_x=758)"
train-016836,5000,Compute $75^2 - 25^2$.
train-016898,21,"B4 If all students in the class were to sit in their own desks, there would be 11 desks too few. If, however, two students were to sit at each desk, there would be 5 desks too many. How many desks and how many students are there in the class? (7 points) Space for solving the problems of set $B$. ![](https://cdn.mathpix.com/cropped/2024_06_07_c987701c9bb62194911fg-04.jpg?height=86&width=446&top_left_y=200&top_left_x=1456) ## PROBLEMS FOR THE SECOND YEAR Time for solving: 90 minutes. In set A, a correct answer will be worth two points, while a wrong answer will result in a deduction of half a point. Enter the answers for set A in the left table. ![](https://cdn.mathpix.com/cropped/2024_06_07_c987701c9bb62194911fg-04.jpg?height=172&width=1196&top_left_y=576&top_left_x=446)"
train-016934,678,1. Determine the number of paths of length 14 that lead along the edges of the grid from point $A$ to point $B$. The length of each edge is one. ![](https://cdn.mathpix.com/cropped/2024_04_17_735d985af28408e5a3e8g-1.jpg?height=389&width=460&top_left_y=825&top_left_x=798)
train-016980,24,"16. Tangram is an ancient traditional intelligence toy in China. In the figure below, the side length of the square formed by the tangram is 8, so the total area of the 4 blue shaded shapes is $\qquad$ _."
train-016982,10,"In the figure provided, a 4-inch by 4-inch square adjoins a 12-inch by 12-inch square. What is the area of the shaded region? Express your answer in square inches as a common fraction."
train-016985,25,"10. $n>10$ teams take part in a soccer tournament. Each team plays every other team exactly once. A win gives two points, a draw one point and a defeat no points. After the tournament, it turns out that each team has won exactly half of its points in the games against the 10 worst teams (in particular, each of these 10 teams has scored half of its points against the 9 remaining teams). Determine all possible values of $n$, and give an example of such a tournament for these values. ## 1st solution We call the 10 worst teams the losers, the $n-10$ best teams the winners. We repeatedly use the following fact: If $k$ teams play against each other, then the total number of points won is exactly $k(k-1)$. We count the total number of points won in two ways. On the one hand, this is exactly $n(n-1)$. On the other hand, the 10 losers in the games among themselves receive exactly $10 \cdot 9=90$ points. By assumption, this is exactly half of the total number of points that these 10 teams have achieved. Consequently, the total number of points scored by the losers is 180. The $n-10$ winners scored a total of $(n-10)(n-11)$ points in the games among themselves. Again, this is half of the total number of points, the latter is therefore equal to $2(n-10)(n-11)$. A comparison yields the equation $$ n(n-1)=180+2(n-10)(n-11) $$ This is equivalent to $n^{2}-41 n+400=0$ and has the solutions $n=16$ and $n=25$. According to the above calculations, it also follows that the average score of the $n-10$ winners is equal to 2( $n-11)$, the average score of the 10 losers is equal to 18. Of course, $2(n-10) \geq 18$ must now apply, i.e. $n \geq 20$. Consequently, $n=16$ is not possible. Finally, we show that such a tournament exists for $n=25$. The 10 losers always play to a draw among themselves, as do the $n-10$ winners among themselves. The following diagram shows the games of the 15 winners $G_{i}$ against the 10 losers $V_{j}$. Where 2 means a win for $G_{i}$, 0$ a win for $V_{j}$ and 1 a draw. | | $G_{1}$ | $G_{2}$ | $G_{3}$ | $G_{4}$ | $G_{5}$ | $G_{6}$ | $G_{7}$ | $G_{8}$ | $G_{9}$ | $G_{10}$ | $G_{11}$ | $G_{12}$ | $G_{13}$ | $G_{14}$ | $G_{15}$ | | :---: | :---: | :---: | :---: | :---: | :---: | :---: | :---: | :---: | :---: | :---: | :---: | :---: | :---: | :---: | :---: | | $V_{1}$ | 1 | 2 | 2 | 2 | 2 | 2 | 2 | 0 | 0 | 1 | 1 | 2 | 2 | 2 | 0 | | $V_{2}$ | 1 | 1 | 2 | 2 | 2 | 2 | 2 | 2 | 0 | 0 | 1 | 2 | 2 | 2 | 0 | | $V_{3}$ | 0 | 1 | 1 | 2 | 2 | 2 | 2 | 2 | 2 | 0 | 0 | 1 | 2 | 2 | 2 | | $V_{4}$ | 0 | 0 | 1 | 1 | 2 | 2 | 2 | 2 | 2 | 2 | 0 | 1 | 2 | 2 | 2 | | $V_{5}$ | 2 | 0 | 0 | 1 | 1 | 2 | 2 | 2 | 2 | 2 | 2 | 0 | 1 | 2 | 2 | | $V_{6}$ | 2 | 2 | 0 | 0 | 1 | 1 | 2 | 2 | 2 | 2 | 2 | 0 | 1 | 2 | 2 | | $V_{7}$ | 2 | 2 | 2 | 0 | 0 | 1 | 1 | 2 | 2 | 2 | 2 | 2 | 0 | 1 | 2 | | $V_{8}$ | 2 | 2 | 2 | 2 | 0 | 0 | 1 | 1 | 2 | 2 | 2 | 2 | 0 | 1 | 2 | | $V_{9}$ | 2 | 2 | 2 | 2 | 2 | 0 | 0 | 1 | 1 | 2 | 2 | 2 | 2 | 0 | 1 | | $V_{10}$ | 2 | 2 | 2 | 2 | 2 | 2 | 0 | 0 | 1 | 1 | 2 | 2 | 2 | 0 | 1 | In total, the final score of each winner is 28, of which exactly 14 points come from games against the losers. Each loser has a final score of 18, half of which again comes from games against the other losers. This shows everything. ## 2nd solution Here is another example of such a tournament. Again, the losers and the winners play each other to a draw. Now assume that a winner never loses to a loser. A winner scores a total of 14 points against the other winners, so he must also score 14 points against the losers. To do this, he must win four times and draw six times. Similarly, each loser draws nine times. We can now divide the $10 \times 15$ table from above into $2 \times 3$ boxes and obtain the following table with the same notations: | | $G_{1}, G_{2}, G_{3}$ | $G_{4}, G_{5}, G_{6}$ | $G_{7}, G_{8}, G_{9}$ | $G_{10}, G_{11}, G_{12}$ | $G_{13}, G_{14}, G_{15}$ | | :---: | :---: | :---: | :---: | :---: | :---: | | $V_{1}, V_{2}$ | 1 | 1 | 1 | 2 | 2 | | $V_{3}, V_{4}$ | 2 | 1 | 1 | 1 | 2 | | $V_{5}, V_{6}$ | 2 | 2 | 1 | 1 | 1 | 1 | | $V_{7}, V_{8}$ | 1 | 2 | 2 | 1 | 1 | | $V_{9}, V_{10}$ | 1 | 1 | 2 | 2 | 1 |"
train-016999,2,2. Given the graph of the function \(y=x+\frac{x}{x}\) and the point ( \(1 ; 0\) ). How many lines can be drawn through this point such that they do not intersect the given graph?
